tag1	tag2	tag3	tag4	artist	count(1)
60s	Psychedelic Rock	psychedelic	classic rock	The Move	1
60s	classic rock	rock	soul	Box Tops	2
60s	classic rock	rock	soul	The Box Tops	7
60s	female vocalists	pop	oldies	Nancy Sinatra	2
60s	oldies	rock	Soundtrack	Bruce Channel	2
60s	pop	soul	oldies	The Ronettes	1
80ies	comedy	unknown	All	Unknown	3
80s				Génération 80	1
80s	70s	Disco	pop	Neoton Familia	3
80s	Disco	pop	dance	Modern Talking	2
80s	french	pop	chanson	François Valéry	1
80s	new wave	french	synthpop	Desireless	1
80s	new wave	pop	british	Culture Club	2
80s	pop	soft rock	rock	Cock Robin	6
80s	pop	soft rock	singer-songwriter	Black	2
90s	eurodance	dance	french	Patsy	1
All				Harmonie Bayonnaise	2
All	ambient	electronic	french	Naps	1
All	punk	psychedelic pop	psychedelic folk	Arthur	2
All	spotify			Eloquence & Kayliah	1
Bossa Nova	brazilian	mpb	jazz	Marcos Valle	3
Bossa Nova	lounge	chillout	trip-hop	Scubba	4
China				Technasia & Green Velvet	1
Classical	baroque	instrumental	composers	Vivaldi	2
Classical	opera	italian	male vocalists	Andrea Bocelli	1
Disco	70s	soul	female vocalists	Gloria Gaynor	3
Disco	80s	pop	70s	Ottawan	1
Disco	electronic	synthpop	Soundtrack	Moroder	1
Disco	french	70s	chanson francaise	Patrick Juvet	1
Disco	funk	80s	dance	Indeep	2
Disco	funk	soul	70s	Chic	1
Disco	latin	70s	Soundtrack	Santa Esmeralda	3
Disco	nu disco	nu-disco	space disco	The Swiss	1
Disco	pop	70s	80s	Village People	2
Disco	pop	70s	classic rock	Andy Gibb	2
Disco	pop	70s	classic rock	Bee Gees	24
Disco	pop	70s	dance	Donna Summer	2
Disco	pop	soul	80s	The Pointer Sisters	3
Drum and bass	electronic	Drum n Bass	dnb	Pendulum	1
Drum and bass	jungle	electronic	Drum n Bass	T Power	1
Electroclash	ethno	electro	electronic	Skip&Die	2
Flamenco	latin	spanish	guitar	Gipsy Kings	13
Folk Music	folk	Old French folk		Chanson Française	1
French rock	rock			Cachemire	3
Garage Rock	rock	indie	swedish	The Hives	3
Gothic Metal	metal	Female fronted metal	female vocalists	Lacuna Coil	6
Gothic Rock	rock	female vocalists	alternative	Evanescence	6
Greek	pop	male vocalists	Greek Pop	Sakis	2
Grunge	japanese	hardcore	noise	Sunday Bloody Sunday	4
Grunge	rock	alternative rock	alternative	Nirvana	10
Grunge	rock	alternative rock	singer-songwriter	Chris Cornell	1
Hip-Hop	british	Grime	rap	Plan B	1
Hip-Hop	chile	rap	female vocalists	Makiza	3
Hip-Hop	electronic	french	hip hop	Maniacx	1
Hip-Hop	french	punk	rap	Stupeflip	1
Hip-Hop	french	rap	france	Ninho	1
Hip-Hop	french	rap	french hip-hop	Mc Solaar	1
Hip-Hop	french	rap	rap francais	La Fouine	1
Hip-Hop	french	rap	rap francais	Ntm	1
Hip-Hop	french	rap	rap francais	Suprême Ntm	4
Hip-Hop	french rap	rap	rap francais	Booba	1
Hip-Hop	funk	french	rap	Alliance Ethnik	2
Hip-Hop	hardcore rap	Gangsta Rap	rap	Onyx	79
Hip-Hop	pop	rnb	rap	Black Eyed Peas	2
Hip-Hop	pop	rnb	rap	The Black Eyed Peas	6
Hip-Hop	rap	90s	hip hop	Kris Kross	1
Hip-Hop	rap	Gangsta Rap	west coast	Dr  Dre	1
Hip-Hop	rap	afrikaans	next level beats	Die Antwoord	4
Hip-Hop	rap	alternative	hip hop	Beastie Boys	103
Hip-Hop	rap	alternative	hip hop	Beasty Boys	2
Hip-Hop	rap	alternative	hip hop	Fatboy Slim & Beasty Boys	2
Hip-Hop	rap	alternative	hip hop	The Beastie Boys	4
Hip-Hop	rap	east coast rap	hip hop	Nas	2
Hip-Hop	rap	female vocalists	80s	Salt-N-Pepa	1
Hip-Hop	rap	french	french rap	Fonky Family	2
Hip-Hop	rap	french	french rap	Iam	6
Hip-Hop	rap	french hip-hop	french rap	Shurik N	1
Hip-Hop	rap	hip hop	Kanye West	Jay-Z & Kanye West	2
Hip-Hop	rap	hip hop	east coast rap	Jay-Z	1
Hip-Hop	rap	hip hop	eurorap	Down Low	1
Hip-Hop	rap	hip hop	indie	Childish Gambino	1
Hip-Hop	rap	old school	80s	Run Dmc Aerosmith	5
Hip-Hop	rap	old school	80s	Run-Dmc	3
Hip-Hop	rap	old school	hip hop	House Of Pain	3
Hip-Hop	rap	old school	hip hop	Sugar Hill Gang	2
Hip-Hop	rap	rap francais	french	Soprano	2
Hip-Hop	rap	rap francais	french rap	113	2
Hip-Hop	rap	rapcore	hip hop	Cypress Hill	15
Hip-Hop	rap	rnb	hip hop	Russ	1
Hip-Hop	rap	soul	rnb	Fugees	6
Hip-Hop	rap	soul	rnb	The Fugees	4
Hip-Hop	reggae	rap	rnb	Wyclef Jean	2
Hip-Hop	rnb	female vocalists	british	Ms Dynamite	2
Hip-Hop	rnb	french	pop	K Maro	1
Hip-Hop	rnb	french pop	france	Marwa Loud	1
Hip-Hop	rnb	rap	hip hop	Madcon	3
Hip-Hop	rnb	rap	hip hop	Pharrell Williams	2
Hip-Hop	soul	jay z	Alicia Keys	Jay-Z Feat  Alicia Keys	1
Hip-Hop	techno	french hip-hop	rap	Veerus	1
Hip-Hop	trip-hop	reggae	alternative	Mattafix	2
Hip-Hop	turntablism	french rap	french	Ntm-Cut Killer	1
Home collection				Shirley & Co	2
House	Progressive House	electronic	electro	Steve Angello	1
House	dance	Progressive House	electronic	Deorro	2
House	dance	electronic	90s	Nightcrawlers	1
House	dance	electronic	club	David Guetta	4
House	dance	electronic	electro	Guru Josh Project	1
House	dance	electronic	french	Bob Sinclar	1
House	dance	techno	pop	The Beatmasters	3
House	dance	vocal house	techno	Celeda	1
House	deep house	dutch	electronic	Bakermat	1
House	deep house	electronic	nu disco	Claptone	1
House	electronic	DIsco House	funky	Duck Sauce	2
House	electronic	USA	EDM	Wuki	2
House	electronic	australia	australian	Shouse	1
House	electronic	chillout	DIsco House	Flight Facilities	2
House	electronic	dance	Progressive House	Avicii	1
House	electronic	dance	club	Armand Van Helden	1
House	electronic	dance	french	Modjo	1
House	electronic	dance	french house	Stardust	1
House	electronic	dance	funk	The Supermen Lovers	1
House	electronic	synthpop	USA	Lp Giobbi	1
House	french	dance	electronic	Kungs	3
House	minimal	electronic	techno	Samim	1
House	puerto rico			The Rivera Project	2
House	techno	dance	electronic	Dj  Dero	3
House	techno	dance	electronic	Jaydee	1
I want to have sex with this song				Rammstein Official	25
Italo Disco	electronic	Disco	new wave	Topo & Roby	1
Leo Moracchioli				Frog Leap Studios	11
Lo-Fi	mistagged artist	eisregen black-metal	i am too lazy to make tags right	12	1
Love Metal	Gothic Rock	rock	finnish	Him	1
Martinique	west indies			David Martial	3
Melodic Death Metal	Power metal	Progressive metal	Extreme Power Metal	Raintime	1
Melodic Death Metal	death metal	Female fronted metal	swedish	Arch Enemy	1
Melodic Death Metal	death metal	Power metal	metal	Children Of Bodom	1
Melodic Death Metal	death metal	finnish	metal	Insomnium	1
Melodic Death Metal	death metal	metal	swedish	In Flames	189
Melodic Death Metal	death metal	metal	swedish	Inflames	6
Melodic Death Metal	death metal	metal	swedish	Soilwork	2
Melodic Death Metal	death metal	swedish	metal	Avatar	5
Melodic Death Metal	death metal	swedish	metal	Dark Tranquility	77
Melodic Death Metal	death metal	swedish	metal	Dark Tranquillity	77
Melodic Death Metal	finnish	metal	melodic metal	Misery Inc	2
Melodic Death Metal	industrial metal	death metal	german	Cypecore	2
Melodic Death Metal	metalcore	Female fronted metal	death metal	Deadlock	1
Melodic Death Metal	swedish	death metal	metal	The Halo Effect	6
Melodic Death Metal	viking metal	death metal	swedish	Amon Amarth	1
Natural Trance	tribal	psytrance	goa	Hilight Tribe	3
Nu Metal	Home collection	alternative rock	french	Artsonic	14
Nu Metal	alternative	metal	alternative rock	Deftones	70
Nu Metal	alternative metal	metal	hard rock	Drowning Pool	9
Nu Metal	alternative rock			Deepdown	1
Nu Metal	french	metal	frenchcore	Aqme	6
Nu Metal	metal	alternative	rock	Korn	20
Nu Metal	metal	frenchcore	french	Mass Hysteria	28
Nu Metal	metal	hard rock	alternative	Disturbed	8
Nu Metal	metal	heavy metal	Nu-metal	Slipknot	16
Nu Metal	metalcore	hardcore	alternative metal	Ocean Grove	1
Nu Metal	metalcore	metal	Nu-metal	Ill Nino	10
Nu Metal	rapcore	alternative	rock	Limp Bizkit	20
Nu Metal	rapcore	alternative	rock	P O D	1
Nu Metal	rock	alternative rock	alternative	Linkin Park	10
Nu Metal	rock	alternative rock	alternative	Papa Roach	5
Oi	punk	punk rock	street punk	Sham 69	6
Oi	punk	street punk	punk rock	Cock Sparrer	1
Oi	street punk	italian	antifascist	Azione Diretta	1
PabloTilcake	chile			La Medicina	2
Power metal	finnish	heavy metal	finnish metal	Afterworld	2
Power metal	heavy metal	german	metal	Powerwolf	11
Power metal	heavy metal	metal	swedish	Sabaton	1
Progressive House	Belarusian	deep progressive		Michael A	1
Progressive metal	Melodic Death Metal	death metal	doom metal	Amorphis	1
Progressive metal	Sludge	sludge metal	metal	Mastodon	4
Progressive metal	doom metal	Avant-garde Metal	Dark metal	Sup	66
Progressive rock	Progressive metal	psychedelic	Progressive	Porcupine Tree	1
Progressive rock	Psychedelic Rock	classic rock	rock	Pink Floyd	1
Progressive rock	classic rock	rock	70s	Supertramp	2
Progressive rock	classic rock	rock	80s	Genesis	5
Progressive rock	classic rock	rock	80s	The Alan Parsons Project	4
Progressive rock	french	Hip-Hop	Zeuhl	One Shot	1
Psychedelic Rock	60s	Garage Rock	rock	Influence	1
Psychedelic Rock	psychedelic	60s	classic rock	Love	1
Psychedelic Rock	rock	hard rock		Komodrag And The Mounodor	1
RAC	60s	coldwave	Hip-Hop	14	1
RAC	Hip-Hop	rap	french rap	Sniper	2
Reggaeton	groove metal	Colombia	latin	Feid	1
Reggaeton	latin	Hip-Hop	spanish	Daddy Yankee	14
Reggaeton	latin	Hip-Hop	spanish	Don Omar	3
Reggaeton	latin	Hip-Hop	spanish	Don Omar Ft  Lucenzo	3
Reggaeton	latin	Hip-Hop	spanish	Lucenzo  Don Omar	3
Reggaeton	latin	Puerto Rican	puerto rico	Farruko	1
Reggaeton	latin	Venezolana	pop	Lele Pons	2
Reggaeton	latin	pop	nicky jam	Nicky Jam	3
Retro	french			Herbert Leonard	1
Rock and Roll	60s	twist	oldies	Chubby Checker	2
Rock and Roll	classic rock	blues	rock n roll	Chuck Berry	15
Rock and Roll	rock	Soundtrack	rock n roll	Shanana	2
Soundtrack	ambient	Avant-Garde	ethereal	Jocelyn Pook	1
Soundtrack	ambient	electronic	composers	Daniel Pemberton	1
Soundtrack	ambient	instrumental	electronic	Mark Snow	2
Soundtrack	chanson	french	instrumental	Jean Constantin	2
Soundtrack	dark ambient	ambient	instrumental	Matt Uelmen	2
Soundtrack	electronic	australian	video game music	Simon Chylinski	1
Soundtrack	instrumental	Classical	composer	Ennio Morricone	3
Soundtrack	instrumental	Classical	composer	Hans Zimmer	13
Soundtrack	instrumental	Classical	composer	Klaus Badelt	1
Soundtrack	instrumental	Classical	composer	Patrick Doyle	1
Soundtrack	instrumental	Classical	composers	Howard Shore	9
Soundtrack	instrumental	composer	electronic	Vince Dicola	1
Soundtrack	instrumental	electronic	composer	Brad Fiedel	1
Soundtrack	irish	actors	ireland	Cillian Murphy	2
Soundtrack	italian	jazz	composer	Franco Micalizzi	3
Southern Rock	classic rock	rock	hard rock	Lynyrd Skynyrd	3
Southern Rock	hardcore	southern hardcore	american	Wilson	3
Stoner Rock	Psychedelic Rock	hard rock	blues rock	Graveyard	5
Stoner Rock	desert rock	rap	alternative rock	Che	2
Stoner Rock	hard rock	stoner	rock	Clutch	13
UK	cover	england		Edith Whiskers	2
UK Garage	electronic	House	british	Chris Lorenzo	1
USA				Trap Nation	3
United States				Scott Benson Band	5
United States	funk	drjazzmrfunkmusic		Reginald Milton & The Soul Jets	2
Variete francaise	All	pop	french	Patrick Sébastien	3
acid jazz	chillout	electronic	lounge	St Germain	1
acoustic	british	singer-songwriter	pop	Ed Sheeran	5
african	World Music	dance	pop	Wes	1
african	french	Ivory Coast	soukous	Magic System	3
african	percussion	nigeria	world	Michael Olatunji	1
african	senegal	world	World Music	Youssou N Dour	1
afrobeats	Hip-Hop	african	rnb	Tekno	2
afrobeats	trap	nigerian	pop	Rema	2
alternative	punk	anarcho-punk	pop	Chumbawamba	1
alternative	rock	alternative rock	indie	Cake	3
alternative metal	Nu Metal	metal	hard rock	Sevendust	3
alternative metal	alternative rock	rock	hard rock	Daron Malakian And Scars On Broadway	1
alternative metal	metal	Nu Metal	rock	System Of A Down	37
alternative metal	metal	Nu Metal	rock	System Of A Down Track	4
alternative metal	metal	hardcore	hard rock	Life Of Agony	2
alternative metal	rock	hardcore	punk	Pogo Car Crash Control	1
alternative rock	Grunge	alternative	rock	The Smashing Pumpkins	2
alternative rock	alternative	indie	indie rock	Pixies 	7
alternative rock	alternative	indie	indie rock	The Pixies	1
alternative rock	alternative	rock	indie	Placebo	6
alternative rock	alternative metal	rock	hard rock	Chevelle	1
alternative rock	christian rock	rock	alternative	Skillet	7
alternative rock	rock	Progressive rock	alternative	Muse	80
alternative rock	rock	alternative	Grunge	Live	1
alternative rock	rock	alternative	emo	Jimmy Eat World	3
alternative rock	rock	alternative	hard rock	Staind	1
alternative rock	rock	alternative	indie	Incubus	290
alternative rock	rock	alternative	indie	Incubus 	4
alternative rock	rock	alternative	political	Rage Against The Machine	25
alternative rock	rock	alternative	punk	The Presidents Of The United States Of America	7
alternative rock	rock	alternative	punk rock	Alien Ant Farm	2
alternative rock	rock	alternative	punk rock	Smooth Criminal	2
alternative rock	rock	hard rock	alternative	Three Days Grace	1
ambient	dark ambient	dark piano		Noir Et Blanc	1
ambient	electronic	chillout	idm	The Orb	1
ambient	electronic	downtempo	chillout	Jon Hopkins	1
ambient	electronic	indie	chillout	Polly	4
artistes				Kamaleon	3
artistes				La Petite Culotte	3
bachata	latin	toby love	Reggaeton	Toby Love	3
baroque	Classical	english	composer	Henry Purcell	2
black metal	death metal	punk	punk rock	Parabellum	1
black metal	doom metal	Orthodox Black Metal	polish	Batushka	1
black metal	pagan black metal	polish	polish black metal	Werewolf	1
bluegrass	country	hillbilly	covers	Hayseed Dixie	4
blues	blues rock	guitar	classic rock	Stevie Ray Vaughan & Double Trouble	1
blues	blues rock	guitar	classic rock	Stevie Ray Vaughan And Double Trouble	1
blues	blues rock	rock	guitar	Johnny Winter	1
blues	classic rock	blues rock	rock	Eric Clapton	1
blues	funk	jazz	New Orleans	Dr  John	1
blues	indie	soul	singer-songwriter	Hozier	1
blues	mistagged track	Madonna	russian	15	1
blues	rhythm and blues	rock n roll	Rock and Roll	Fats Domino	2
blues	singer-songwriter	experimental	rock	Tom Waits	11
blues	swamp blues	harmonica blues	Classic Blues	Slim Harpo	1
blues rock	blues	classic rock	60s	Canned Heat	5
blues rock	blues	rock	indie rock	The Black Keys	4
blues rock	classic rock	hard rock	Southern Rock	Zz Top	7
blues rock	classic rock	rock	blues	George Thorogood & The Destroyers	3
blues rock	hard rock	rock	classic rock	Rival Sons	3
brass	rock	cover	Pisscore	Brass Against	9
breakbeat	breaks	electro breaks	electronic	Far Too Loud	3
breakcore	Raggacore	jungle	Ragga Jungle	Fff	1
british	indie rock	indie	rock	Miles Kane	1
british	pop	electropop	electronic	Bombalurina	1
britpop	Psychedelic Rock	indie	rock	Kula Shaker	1
britpop	indie	british	alternative	Pulp	1
britpop	indie	british	rock	Travis	12
britpop	indie	female vocalists	alternative	Elastica	1
britpop	indie	rock	british	Starsailor	2
britpop	rock	alternative	british	The Verve	4
britpop	rock	british	alternative	Oasis	3
britpop	rock	indie	british	Blur	4
calypso	barbados	60s	70s	The Merrymen	2
cape verde	cabo verde	World Music	cape verdean	Elida Almeida	2
celtic	folk	irish	Irish Folk	The Chieftains	5
celtic punk	folk punk	punk	punk rock	The Real Mckenzies	7
celtic punk	punk	australian	celtic	The Rumjacks	5
chanson	french	chanson francaise	singer-songwriter	Jacques Brel	2
chanson	rock	france	pop rock	Patrick Coutin	7
chanson francaise				A Cause Des Garcons	2
chanson francaise	auteur-compositeur-interprete	michel jonasz	MJonasz	Michel Jonasz	2
chanson francaise	french	80s	chanson	Alain Chamfort	1
chanson francaise	french	Chanson Française	chanson	Jean Ferrat	1
chanson francaise	french	cabaret	chanson	Jean Gabin	1
chanson francaise	french	chanson	Belgium	Claude Barzotti	1
chanson francaise	french	chanson	favs	Les Croquants	8
chanson francaise	french	chanteur francais	pop	Alain Barrière	1
chanson francaise	french	female vocalists	chanson	Barbara	1
chanson francaise	french	pop	80s	Daniel Balavoine	2
chanson francaise	french	pop	80s	Pierre Bachelet	2
chanson francaise	french	pop	Chanson Française	Michel Sardou	3
chanson francaise	french	pop	chanson	Julien Clerc	5
chanson francaise	french	pop	chanson	Michel Delpech	1
chanson francaise	french	pop	france	Gerard Lenormand	1
chanson francaise	french	pop	france	Gérard Lenorman	1
chanson francaise	french	pop	francophone	Laurent Voulzy	2
chanson francaise	french	pop	rock	Florent Pagny	4
chanson francaise	french	rock	rock francais	Bernard Lavilliers	3
chanson francaise	french	rock	rock francais	Hubert-Félix Thiéfaine	4
chanson francaise	french	rock	rock francais	Johnny Haliday	2
chanson francaise	french	rock	rock francais	Johnny Hallyday	30
chanson francaise	french	singer-songwriter	chanson	Renaud	2
chanson francaise	french	singer-songwriter	pop	Francis Cabrel	3
chanson francaise	male vocalists	french	Chanson Française	Daniel Guichard	2
chanson francaise	rock	french	france	Billy Ze Kick	3
chanson francaise	rock	french	punk	Pigalle	1
chanson francaise	spanish	Belgium	French singer	Frederic Francois	1
chanson francaise	spanish	Belgium	French singer	Frédéric François	1
chillout	lounge	ambient	electronic	Café Del Mar	2
classic rock	60s	pop	Surf	The Beach Boys	2
classic rock	60s	rock	british	The Kinks	4
classic rock	60s	rock	oldies	The Mamas & The Papas	3
classic rock	Progressive rock	rock	70s	Electric Light Orchestra	1
classic rock	Psychedelic Rock	rock	60s	The Doors	4
classic rock	hard rock	rock	60s	Steppenwolf	5
classic rock	hard rock	rock	70s	Led Zeppelin	4
classic rock	hard rock	rock	70s	Ramjam	1
classic rock	rock	70s	british	Wings	3
classic rock	rock	70s	funk	Redbone	3
classic rock	rock	70s	psychedelic	Steve Miller Band	2
classic rock	rock	70s	soft rock	Eagles	2
classic rock	rock	80s	blues	Dire Straits	1
classic rock	rock	Southern Rock	60s	Creedence Clearwater Revival	3
classic rock	rock	blues	psychedelic	Jimmy Hendrix	2
classic rock	rock	british	60s	Rolling Stones	1
classic rock	rock	british	60s	The Beatles	25
classic rock	rock	british	60s	The Who	1
classic rock	rock	hard rock	80s	Survivor	4
classic rock	rock	hard rock	female vocalists	Heart	1
classic rock	rock	hard rock	glam rock	Queen	27
classic rock	rock	metal xmas	pop	Dug Pinnick And Others	1
comedy	funny	british	Soundtrack	Benny Hill	3
composer	french	france	pop	Eric Charden	1
composer	jazz	Soundtrack	contemporary classical	Raymond Lefèvre	1
conneries	french			Bézu	6
country				The Ghost Of Johnny Cash	2
country	american	modern country		Drake Milligan	2
country	classic country	50s	male vocalists	Marty Robbins	2
country	contemporary country	american	California	Jon Pardi	6
country	country rock	Alt-country	rock	The Flying Burrito Brothers	1
country	country rock	rock	modern country	Big & Rich	3
country	folk	modern country	true blood	Jace Everett	3
country	folk	singer-songwriter	classic rock	Johnny Cash	3
country	modern country	Little Big Town	american	Little Big Town	1
country	pop	female vocalists	Canadian	Shania Twain	2
country	rock	90s	american	Billy Ray Cyrus	2
country	rockabilly	german	rock	The Bosshoss	6
country	singer-songwriter	cowboy	classic rock	Michael Murphy	1
covers	punk rock	punk	rock	Punk Cover	2
crack rock steady	punk	ska punk	ska	Choking Victim	1
crossover	Hip-Hop	dutch	rock	Urban Dance Squad	2
crossover	Nu Metal	metal	austrian	Kontrust	3
crossover	rapcore	hardcore	rap metal	Body Count	6
crossover	rapcore	punk	alternative	Dog Eat Dog	28
crossover	rock	alternative rock	alternative	H-Blockx	1
cumbia	brazilian	salsa	male vocalists	Rodolfo Y Su Tipica	4
dance	House	electronic	techno	Pakito	1
dance	cubano	latina	cuban	Havana Delirio	3
dance	electronic	eurodance	pop	Eiffel 65	1
dance	electronic	french	pop	Ofenbach	1
dance	eurodance	80s	techno	Technotronic	1
dance	eurodance	90s	pop	Haddaway	4
dance	folk	brazil	brasil	Carrapicho	1
dance	latin	80s	brazilian	Kaoma	5
dance	math rock	indie	noise rock	Bellini	1
dance	pop	electronic	90s	Deee-Lite	1
dance	pop	eurodance	90s	Gala	3
dance	pop	eurodance	90s	Scatman John	1
dance	pop	eurodance	Romanian	O-Zone	1
dance	pop	female vocalists	eurodance	Kate Ryan	1
dance	reggae	rnb	hip hop	Lucenzo	1
dancehall	ragga	raggamuffin		Dj Kenny	1
dancehall	reggae	Hip-Hop	rnb	Sean Paul	5
dancehall	reggae	jamaica	ragga	Red Rat	2
dancehall	reggae	spotify	jamaica	Charly Black	3
danish	heavy metal	comedy	polsk punk	Red Warszawa	2
dark ambient	screamo			Jonathan Livingston Seagull	1
dark electro	ebm	industrial	Harsh EBM	Painbastard	4
dark electro	ebm	industrial	Harsh EBM	Xmh	11
death metal	Progressive metal	progressive death metal	metal	Gojira	15
death metal	black metal	Blackened Death Metal	metal	Sinsaenum	1
death metal	progressive death metal	doom metal	experimental death metal	Supuration	4
death metal	thrash metal	french	Melodic Death Metal	Loudblast	10
death punk	punk rock	punk	rock	Turbonegro	3
deathcore	brutal deathcore	death metal	Brutal Death Metal	Crown Magnetar	1
deathcore	metalcore	death metal	Technical Death Metal	Bleed From Within	1
deep house	Italy	Raffa		Raffa Fl	2
deep house	electronic	dance	House	Lost Frequencies	2
deep house	minimal	tech house	House	Nick Curly	2
depressive black metal	punk	Psychedelic Rock	70s	Help	1
doo wop	50s	oldies	rhythm and blues	The Clovers	2
doom metal	Traditional Doom Metal	Epic Doom Metal	british	Warning	1
downtempo	jazz	funk	rap	Deela	2
dreamwave	synthpop	synthwave	space disco	Tommy	6
drone	Stoner Rock	experimental	Sludge	Boris	2
electro	electronic	ed banger	french	Ed Banger Records	1
electro	electronic	french	ed banger	Busy P	2
electro	french	electronic	fidget house	Les Petits Pilous	2
electro swing	funky	jazz	electronic	Jamie Berry	4
electro-swing	jazz	electronic	french	Caravan Palace	1
electronic				Goodbye Horses	2
electronic	Electroclash	electro	french	Black Strobe	2
electronic	Electroclash	synthpop	electro	Fischerspooner	2
electronic	Hip-Hop	big beat	Rave	Prodigy	1
electronic	Hip-Hop	instrumental	instrumental hip-hop	Mux Mool	1
electronic	Hip-Hop	trip-hop	trap	Hippie Sabotage	2
electronic	House	dance	electro	Mylo	1
electronic	House	dance	techno	Daft Punk	40
electronic	House	deep house	experimental	Sirens Of Lesbos	3
electronic	House	techno	dance	Benny Benassi	3
electronic	UK Garage	House	future garage	Disclosure	1
electronic	alternative	Hip-Hop	rock	Gorillaz	9
electronic	alternative	Soundtrack	pop	Malcolm Mclaren	1
electronic	alternative	rap	indie pop	Twenty One Pilots	7
electronic	ambient	chillout	alternative	Moby	119
electronic	ambient	krautrock	Progressive rock	Tangerine Dream	1
electronic	ambient	new age	instrumental	Jean-Michel Jarre	13
electronic	austrian	balkan	alternative	Binder & Krieglstein	2
electronic	big beat	dance	House	Fatboy Slim	9
electronic	big beat	dance	techno	The Chemical Brothers	9
electronic	chill	Lo-Fi	french	Thaehan	3
electronic	chillout	ambient	french	Air	6
electronic	dance	Hip-Hop	electronica	Stereo Mc S	1
electronic	dance	belgian	french	Stromae	1
electronic	dance	trance	danish	Safri Duo	1
electronic	dancehall	reggae	dub	Major Lazer	2
electronic	electro	dance	german	Digitalism	50
electronic	electro	dance	new rave	Simian Mobile Disco	1
electronic	electro	french	dance	Kavinsky	1
electronic	electro	french	new rave	The Toxic Avenger	1
electronic	electro	french	techno	Mr  Oizo	1
electronic	electro	techno	dance	Vitalic	5
electronic	electropop	danish	Electroclash	Who Made Who	5
electronic	experimental	indie	female vocalists	Psapp	2
electronic	french	Disco	indie	Breakbot	4
electronic	french	downtempo	singer-songwriter	Sébastien Tellier	2
electronic	french	electro	dance	Justice	9
electronic	french	electro	idm	Scratch Massive	1
electronic	funk	alternative	rock	Shaka Ponk	36
electronic	funk	alternative	rock	Shakaponk	26
electronic	idm	electronica	breaks	Paul Hartnoll	2
electronic	indie	riot grrrl	female vocalists	Le Tigre	2
electronic	japanese	electro	electronica	Zongamin	2
electronic	new age	ambient	Soundtrack	Vangelis	3
electronic	new wave	synthpop	synth pop	  Depeche Mode	3
electronic	new wave	synthpop	synth pop	Depeche Mode	138
electronic	pop	dance	power pop	Campbell	2
electronic	rock	space rock	alternative	Babylon Zoo	1
electronic	shoegaze	post-rock	indie	M83	1
electronic	soul	rnb	pop	Joel Culpepper	2
electronic	spanish	indie	Electro-Rock	Cycle	1
electronic	synthpop	german	electronica	Kraftwerk	148
electronic	synthpop	pop	90s	The Beloved	2
electronic	techno	industrial	dance	The Prodigy	20
electronic	trip-hop	House	dance	Bomb The Bass	1
electronic	trip-hop	dance	House	Faithless	1
electronic	trip-hop	french	electro	Mirwais	2
electronic	turntablism	australian	dance	The Avalanches	2
electronica	Disco	podcast	nu disco	Loopmasters	2
emo	rock	alternative	indie	Northstar	1
eurodance	90s	dance	german	Captain Hollywood Project	1
eurodance	dance	90s	electronic	Cappella	2
eurodance	dance	90s	pop	Corona	1
eurodance	dance	90s	pop	Dr  Alban	2
eurodance	dance	90s	pop	La Bouche	1
experimental	Avant-garde Metal	electronic	metal	Pryapisme	1
experimental	dream pop	indie pop	indie	Cuco	2
experimental	electronic	Avant-Garde	electro	Felix Kubin	1
experimental	electronic	krautrock	ambient	Public Service Broadcasting	14
experimental	electronic	math metal	DJENT	The Algorithm	5
experimental metal	Video Game Metal	heavy metal	metal	Vomitron	1
female vocalists	alternative	singer-songwriter	rock	Pj Harvey	14
female vocalists	electronic	atmospheric	USA	Malia J	1
female vocalists	electronic	hardcore	dance	Juliet	2
female vocalists	folk	indie	Alt-country	The Watson Twins	1
female vocalists	indie	alternative	rock	Shivaree	1
female vocalists	indie	alternative	singer-songwriter	Anna Calvi	2
female vocalists	indie	chillout	trip-hop	Sia	2
female vocalists	indie pop	indie rock	french	Hollysiz	1
female vocalists	pop	80s	diva	Barbra Streisand	2
female vocalists	pop	french	Canadian	Lara Fabian	1
female vocalists	rock	alternative	singer-songwriter	Alanis Morissette	1
female vocalists	rock	singer-songwriter	alternative	Joan Osborne	1
female vocalists	singer-songwriter	indie	acoustic	Amy Macdonald	3
female vocalists	singer-songwriter	pop	alternative	Kate Bush	3
female vocalists	singer-songwriter	pop	alternative	Kate Bush-	5
folk	experimental	indie rock	indie	Califone	1
folk	female vocalists	singer-songwriter	indie	Laura Marling	4
folk	indie	acoustic	australian	Angus And Julia Stone	1
folk	indie	female vocalists	french	Moriarty	7
folk	irish	punk	folk rock	The Pogues	2
folk	singer-songwriter	female vocalists	60s	Melanie	1
folk	singer-songwriter	female vocalists	60s	Melanie Safka	2
folk	singer-songwriter	indie	indie pop	Andrew Bird	1
folk	swedish	medieval	Scandinavian folk	Garmarna	3
folk metal	mongolian	folk rock	folk	The Hu	4
folk metal	viking metal	Melodic Death Metal	finnish	Ensiferum	1
france	80s	Chanson Française	synth pop	Thierry Pastor	2
france	njie			Njie	3
french				Pacifique	1
french				Zero Talent	3
french	70s	chanson	france	Dalida & Alain Delon	1
french	80s	70s	francais	Caroline Legrand	1
french	80s	chanson francaise	French 80s	Jean-Pierre Mader	2
french	80s	tube du grenier		Laroche Valmont	2
french	All	Ye-Ye Girls		Michelle Torr	1
french	Chanson Française	chanson francaise	female vocalists	Lina Margy	1
french	Disco	pop frances		Bolivard	1
french	Hip-Hop	drill	france	Gazo	1
french	Hip-Hop	hip hop	pop	Tragédie	1
french	Hip-Hop	rap	humour	Fatal Bazooka	1
french	Hip-Hop	rap	humour	Fatal Bazooka Feat Yelle	1
french	Hip-Hop	rnb	france	Dadju	1
french	alternative	chanson francaise	rock	Motivés	1
french	belgian	pop	female vocalists	Axel Red	2
french	celtic	Hip-Hop	rap	Manau	4
french	celtic	breton	celtic rock	Soldat Louis	2
french	chanson	cabaret	chanson francaise	Maurice Chevalier	1
french	chanson	chanson francaise	60s	Nicole Croisille	1
french	chanson	female vocalists	jazz	Edith Piaf	2
french	chanson	female vocalists	pop	Mireille Mathieu	2
french	chanson	pop	chanson francaise	Joe Dassin	6
french	chanson francaise	60s	Varietes Francaises	Philippe Lavil	1
french	chanson francaise	60s	french pop	Dutronc	2
french	chanson francaise	60s	french pop	Jacques Dutronc	25
french	chanson francaise	Chanson Française	singer-songwriter	Michel Berger	1
french	chanson francaise	Disco	pop	Claude François	3
french	chanson francaise	acoustic	nouvelle scene francaise	Raphaël	1
french	chanson francaise	alternative	rock	Cali	8
french	chanson francaise	chanson	france	Tino Rossi	3
french	chanson francaise	chanson	french pop	Serge Gainsbourg	121
french	chanson francaise	chanson	jazz	Charles Aznavour	2
french	chanson francaise	chanson	jazz	Charles Trenet	1
french	chanson francaise	chanson	jazz	Yves Montand	1
french	chanson francaise	chanson	male vocalists	Gilbert Becaud	1
french	chanson francaise	chanson	male vocalists	Gilbert Bécaud	1
french	chanson francaise	enrico macias	oldies	Enrico Macias	3
french	chanson francaise	male vocalists	chanson	Adamo	1
french	chanson francaise	male vocalists	chanson	Salvatore Adamo	1
french	chanson francaise	new age	alternative	Pep S	1
french	chanson francaise	nouvelle scene francaise	ska	La Rue Ketanou	46
french	chanson francaise	nouvelle scene francaise	ska	La Rue Kétanou	1
french	chanson francaise	pop	france	Thierry Hazard	2
french	chanson francaise	pop	french pop	Marc Lavoine	3
french	chanson francaise	pop	nouvelle scene francaise	Renan Luce	1
french	chanson francaise	pop	singer-songwriter	Jean-Jacques Goldman	10
french	chanson francaise	pop	singer-songwriter	Nino Ferrer	9
french	chanson francaise	pop	singer-songwriter	Patrick Bruel	2
french	chanson francaise	pop rock	rock francais	Les Innocents	4
french	chanson francaise	rock	chanson	Alain Bashung	3
french	chanson francaise	singer-songwriter	chanson	Christophe	2
french	chanson francaise	singer-songwriter	chanson	Jean-Louis Murat	2
french	dance	electronic	House	Helmut Fritz	1
french	dance	pop	artistes	Collectif Métissé	4
french	electro	Disco		Sebastien Tellier - Mr Oizo - Sebastian	10
french	electronic	electro	france	Adieu Aru	1
french	female vocalists	60s	chanson	Francoise Hardy	1
french	female vocalists	60s	chanson	Françoise Hardy	1
french	female vocalists	folk	acoustic	Anne Sylvestre	2
french	female vocalists	pop	chanson francaise	Dalida	3
french	female vocalists	pop	chanson francaise	Elsa	2
french	female vocalists	pop	quebec	Isabelle Boulay	2
french	female vocalists	pop punk	punk	Larusso	3
french	female vocalists	rap	pop	Adé	1
french	francais			Christine Roque	1
french	humour	motocultor 2022	seen live twice	Princesses Leya	1
french	indie	rock	indie rock	Skip The Use	17
french	jazz	chanson francaise	france	Dany Brillant	6
french	latin	pop	dance	Kendji Girac	6
french	new wave	rock	80s	Indochine	95
french	pop	80s	chanson francophone	Début De Soiree	1
french	pop	80s	female vocalists	Jeanne Mas	2
french	pop	Chanson Française	french pop	Alliage	2
french	pop	TV Series	theme	Les Mini-Stars	2
french	pop	chanson francaise	60s	Hervé Vilard	1
french	pop	chanson francaise	80s	Etienne Daho	2
french	pop	chanson francaise	80s	Etienne Daho Et Dany	2
french	pop	dance	House	Pzk	1
french	pop	female vocalist	female vocalists	Indila	1
french	pop	female vocalists	chanson francaise	Natasha St-Pier	1
french	pop	female vocalists	chanson francaise	Ophelie Winter	1
french	pop	female vocalists	chanson francaise	Vanessa Paradis	3
french	pop	female vocalists	french pop	Alizée	2
french	pop	female vocalists	french pop	Amel Bent	1
french	pop	female vocalists	french pop	Mylene Farmer	4
french	pop	female vocalists	ye-ye	France Gall	3
french	pop	france	chanson	Claudio Capéo	2
french	pop	frech pop	francais	Emmanuel Moire	2
french	pop	french pop	france	Bibie	3
french	pop	male vocalists	french pop	Grégory Lemarchal	7
french	pop	rap	Hip-Hop	Colonel Reyel	1
french	pop	rock	80s	M	13
french	pop	soft rock	male vocalists	Garou	1
french	pop rock	female vocalists	rock	Superbus	15
french	rap	hip hop	Hip-Hop	H Magnum	3
french	rapcore	Fusion	rock	Silmarils	7
french	rnb	Hip-Hop	female vocalists	Zaho	2
french	rnb	female vocalists	france	Sheryfa Luna	1
french	rnb	female vocalists	french rnb	Vitaa	2
french	rock	French rock	alternative rock	Kyo	3
french	rock	alternative	rock francais	Noir Desir	2
french	rock	alternative	rock francais	Noir Désir	27
french	rock	chanson francaise	rock francais	David Hallyday	1
french	rock	chanson francaise	rock francais	Louise Attaque	5
french	rock	pop	80s	Axel Bauer	6
french	rock	pop	80s	Les Rita Mitsouko	6
french	rock	pop	80s	Rita Mitsouko	4
french	rock opera	musical	comedie musicale francaise	Mozart Opera Rock	1
french	spoken word	indie	singer-songwriter	Fauve	6
french	ye-ye	pop	female vocalists	Sylvie Vartan	1
french	zouk	80s	creole	La Compagnie Créole	3
french pop	80s	french	pop	Le Grand Orchestre Du Splendid	2
french rap	Hip-Hop	rap	rap francais	Sinik	1
french reggae				Regglyss	6
frenchcore	hardcore	Gabber	digital hardcore	Micropoint	4
funk	Disco	soul	70s	Wild Cherry	8
funk	Hip-Hop	downtempo	chillout	Gramatik	2
funk	acid jazz	jazz	nu jazz	Quantic Soul Orchestra	2
funk	british	pop	Hip-Hop	Mark  Ronson	2
funk	british	pop	Hip-Hop	Mark Ronson	4
funk	jazz	Fusion	Jam	Galactic	1
funk	rock	Hip-Hop	alternative	Fun Lovin  Criminals	1
funk	soul	80s	rnb	One Way	1
funk	soul	Disco	70s	Kool & The Gang	2
funk	soul	Disco	80s	Rick James	1
funk	soul	Psychedelic Rock	psychedelic	Black Merda	4
funk	soul	rhythm and blues	blues	James Brown	2
funk metal	funk	metal	alternative	Infectious Grooves	25
germany	marching band	techno	Progressive House	Meute	2
glam rock	rock	classic rock	80s	David Bowie	19
grindcore	death metal	french	metal	Ultra Vomit	7
groove metal	alternative metal	metalcore	DJENT	Bad Wolves	2
groove metal	metalcore	death metal	metal	Devildriver	1
groove metal	metalcore	metal	thrash metal	Five Finger Death Punch	75
halftime	Sludge	doom metal	sludge metal	13	1
hard rock	Nu Metal	alternative rock	rock	Saliva	10
hard rock	Nu Metal	metal	rock	Godsmack	6
hard rock	Psychedelic Rock	Progressive rock	rock	Thundermother	1
hard rock	Southern Rock	rock	Stoner Rock	Black Stone Cherry	2
hard rock	alternative metal	metal	Nu Metal	Stone Sour	6
hard rock	alternative metal	metal	Nu Metal	Stone Sour 	1
hard rock	classic rock	glam rock	rock	Alice Cooper	3
hard rock	classic rock	heavy metal	rock	Scorpions	12
hard rock	classic rock	rock	heavy metal	Ac Dc	8
hard rock	classic rock	rock	heavy metal	Acdc	3
hard rock	classic rock	rock	heavy metal	Van Halen	2
hard rock	female vocalists	rock	alternative rock	Halestorm	8
hard rock	glam rock	70's	Disco	Kiss 	2
hard rock	glam rock	classic rock	rock	Kiss	6
hard rock	heavy metal	denmark	danish	Black Swamp Water	3
hard rock	heavy metal	metal xmas	xmas	Alice Cooper And Others	1
hard rock	rock	alternative rock	90s	Ugly Kid Joe	3
hard rock	rock	alternative rock	post-grunge	Shinedown	5
hard rock	rock	classic rock	80s	Europe	2
hard rock	rock	classic rock	80s	Guns N  Roses	3
hard techno	french	schranz	rawstyle	Eczodia	4
hardcore				By My Side	4
hardcore	Gabber	hardcore techno	Darkcore	Angerfist	6
hardcore	Straight Edge	hardcore punk	beatdown hardcore	Your Demise	1
hardcore	Straight Edge	hardcore punk	nyhc	Judge	1
hardcore	Straight Edge	newschool hardcore	hardcore punk	Strife	1
hardcore	beatdown	boston hardcore	metalcore	Death Before Dishonor	1
hardcore	beatdown hardcore	beatdown	french	Rise Of The Northstar	13
hardcore	beatdown hardcore	beatdown	hardcore punk	Knuckledust	1
hardcore	crossover	rapcore	nyhc	Biohazard	72
hardcore	crossover	thrash metal	punk	Suicidal Tendencies	6
hardcore	groove metal	thrash metal	metalcore	Pro Pain	11
hardcore	groove metal	thrash metal	metalcore	Pro-Pain	42
hardcore	hardcore punk	Straight Edge	youth crew	Gorilla Biscuits	8
hardcore	hardcore punk	nyhc	punk	Agnostic Front	84
hardcore	hardcore punk	oldschool hardcore	Need to Rate	No Turning Back	7
hardcore	hardcore punk	oldschool hardcore	punk	Wisdom In Chains	26
hardcore	hardcore punk	post-hardcore	noise rock	Gouge Away	2
hardcore	hardcore punk	post-hardcore	punk	Snapcase	1
hardcore	hardcore punk	punk	post-hardcore	Turnstile	2
hardcore	hardcore techno	industrial hardcore	Gabber	Satronica & Unexist	2
hardcore	holy terror	metalcore	Greek	Vegas	1
hardcore	krishnacore	Straight Edge	melodic hardcore	Shelter	4
hardcore	melodic hardcore	hardcore punk	punk	Comeback Kid	18
hardcore	melodic hardcore	metalcore	Straight Edge	Stick To Your Guns	6
hardcore	metalcore	female vocalists	Female fronted metal	Walls Of Jericho	6
hardcore	metalcore	frenchcore	french	Black Bomb A	4
hardcore	metalcore	hardcore punk	moshcore	Terror	7
hardcore	metalcore	moshcore	metal	Hatebreed	69
hardcore	metalcore	nyhc	american	Indecision	5
hardcore	metalcore	nyhc	thrash metal	Sworn Enemy	2
hardcore	nyhc	hardcore punk	metalcore	Madball	2
hardcore	nyhc	hardcore punk	punk	Sick Of It All	20
hardcore	post-hardcore	hardcore punk	punk	Refused	4
hardcore	psychobilly	hardcore punk	australian	The Relentless	2
hardcore	punk	hardcore punk	punk rock	59 Times The Pain	7
hardcore	punk rock	hungarian	hardcore punk	Don Gatto	2
hardcore punk	hardcore	melodic hardcore	punk	Civ	15
hardcore punk	hardcore	punk	psytrance	Void	1
hardcore punk	hardcore	reggae	punk	Bad Brains	1
hardcore punk	punk	hardcore	french	Tagada Jones	1
heavy metal	Power metal	speed metal	pirate metal	Runnind Wild	5
heavy metal	Power metal	speed metal	pirate metal	Running Wild	5
heavy metal	Psychedelic Rock	doom metal	psychedelic	Ghost	14
heavy metal	hard rock	classic rock	metal	Black Sabbath	8
heavy metal	hard rock	speed metal	metal	Motörhead	1
heavy metal	metal	NWOBHM	hard rock	Iron Maiden	110
heavy metal	metal	hard rock	NWOBHM	Judas Priest	1
heavy metal	metal	rockabilly	elvis metal	Volbeat	3
heavy metal	metal xmas	metal	xmas	Jeff Scott Soto And Others	1
heavy metal	metal xmas	xmas		Oni Logan And Others	1
heavy metal	metal xmas	xmas	doom metal	Ronnie James Dio And Others	1
heavy metal	rock	classic rock	xmas	Joe Lynn Turner And Others	1
heavy metal	techno	Power metal	Southern Rock	Thriller	2
heavy metal	xmas	metal xmas		Stephen Pearcy And Others	1
heavy pop	shoegaze	UK	NWOBHM	Money	4
humour	Comique	les inconnus	french	Les Inconnus	8
humour	french	chanson francaise	synthpop	Richard Gotainer	1
indie	alternative	female vocalists	pop	The Asteroids Galaxy Tour	9
indie	alternative	folk	chamber pop	Woodkid	1
indie	alternative	indie pop	USA	Winnetka Bowling League	1
indie	british	male vocalists	Tom Smith	Smith & Burrows	1
indie	electronic	alternative	australian	Gotye Feat  Kimbra	3
indie	electronic	post-punk	british	The Xx	5
indie	female vocalists	folk	french	The Do	3
indie	folk	americana	indie folk	Tom Mcrae & The Standing Band	3
indie	indie rock	alternative	rock	Imagine Dragons	1
indie	indie rock	alternative	rock	The Dandy Warhols	6
indie	indie rock	british	britpop	The Coral	1
indie	indie rock	british	rock	The Zutons	1
indie	indie rock	britpop	rock	Kaiser Chiefs	4
indie	indie rock	female vocalists	rock	Gossip	6
indie	indie rock	female vocalists	rock	The Gossip	1
indie	indie rock	indie pop	american	Saint Motel	1
indie	indie rock	rock	alternative	The Killers	6
indie	math rock	indie rock	british	Foals	2
indie	singer-songwriter	folk	Canadian	Patrick Watson	1
indie pop	Lo-Fi	experimental	noise	Cults	1
indie pop	electronic	experimental	art pop	Superorganism	3
indie pop	female vocalists	swedish	electronic	Lykke Li	1
indie pop	french	dream pop	indie	Oracle Sisters	2
indie pop	indie	pop	soul	Tom Grennan	1
indie pop	indietronica	electronic	downtempo	Isaac Delusion	1
indie rock	alternative	rock	indie	Cage The Elephant	3
indie rock	british	indie	rock	Yungblud	2
indie rock	indie	british	alternative	Arctic Monkeys	11
indie rock	indie	british	punk	Dogs	5
indie rock	indie	rock	alternative	The Strokes	1
indie rock	rock	indie pop	Garage Rock	The Backseat Lovers	1
industrial	Acid	dance	trance	Dxpe	2
industrial	alternative	industrial metal	industrial rock	David Bowie & Nine Inch Nails	1
industrial	cyberpunk	industrial metal	french	Punish Yourself	2
industrial	ebm	dark electro	electronic	Combichrist	6
industrial	electronic	industrial rock	industrial metal	Celldweller	5
industrial	frenchcore	industrial metal	french	Sidilarsen	33
industrial	industrial metal	metal	rock	Mailyn Manson	2
industrial	industrial metal	metal	rock	Marilyn Manson	10
industrial	industrial rock	Gothic	electronic	Jesus On Extasy	2
industrial	industrial rock	alternative	rock	Orgy	1
industrial	industrial rock	electronic	alternative	Nine Inch Nails	15
industrial	industrial rock	electronic	alternative	Nine Inch Nails & David Bowie	1
industrial	industrial rock	experimental	electronic	The Young Gods	7
industrial metal	Gothic Metal	industrial	Gothic	Gothminister	5
industrial metal	Nu Metal	metal	industrial	Dope	5
industrial metal	Nu Metal	metal	industrial	Powerman 5000	13
industrial metal	industrial	german	Neue Deutsche Haerte	Eisbrecher	16
industrial metal	industrial	german	neue deutsche härte	Stahlmann	3
industrial metal	industrial	industrial rock	metal	Ministry	8
industrial metal	metal	german	industrial	Rammstein	2
industrial metal	metal	industrial	hard rock	Rob Zombie	48
industrial metal	metalcore	Melodic Death Metal	metal	Mnemic	1
instrumental	mantovani	easy listening	50s	Mantovani	1
instrumental	symphonic metal	neoclassical	nsk	Silenzium	5
instrumental hip-hop	Hip-Hop	electronic	beats	Onra	2
italian	Italy	sanremo	italia	Maneskin	4
italian	pop	80s	70s	Ricchi E Poveri	5
italian	pop	80s	italian pop	Umberto Tozzi	2
italian	pop	Italo Disco	rock	Raf	2
jamaican	pop	dance	french	Willy William	6
japanese	J-rock	female vocalists	visual kei	Kana	2
japanese	anime	J-rock	Post-Black Metal	Loveless	9
japanese	folk metal	japan	metal	Japanese Folk Metal	3
japanese	hard rock	new wave	metalcore	Taro	2
japanese	metal	electronic	hard rock	Lazer	1
jazz				Leo P	1
jazz	Fusion	japanese	jazz fusion	T-Square	1
jazz	Smooth Jazz	latin jazz	80s	Matt Bianco	2
jazz	bass	Fusion	jazz fusion	Jaco Pastorius	1
jazz	blues	swing	trumpet	Louis Armstrong	42
jazz	brass	funk	Hip-Hop	Youngblood Brass Band	1
jazz	cover	swing	vintage	Postmodern Jukebox	1
jazz	folk	female vocalists	soul	Hindi Zahra	2
jazz	gypsy jazz	swing	jazz manouche	The Lost Fingers	2
jazz	instrumental	jazz fusion	nu jazz	Too Many Zooz	10
jazz	lounge	comedy	covers	Richard Cheese	1
jazz	soul	blues	rhythm and blues	Ray Charles	4
jazz	soul	funk	swing	Googie Rene	2
jazz	soul	vocal jazz	Smooth Jazz	Gregory Porter	1
jazz	swing	blues	oldies	Nat King Cole	1
jazz	swing	female vocalists	blues	Peggy Lee	2
jazz	swing	oldies	vocal jazz	Frank Sinatra	9
kenya	funk			Gatanga Boys Band	2
kleinkunst	jazz	Belgium	belgian	Louis Neefs	2
latin	cuban	jazz	latin jazz	Buena Vista Social Club	20
latin	electronic	lounge	electronica	Senor Coconut	1
latin	experimental	USA	electronic	Thornato	2
latin	folk	singer-songwriter	pop	José Feliciano	1
latin	latin pop	chayanne	spanish	Chayanne	9
latin	pop	dance	spanish	Sonia & Selena	2
latin	pop	dance	spanish	Sonia Y Selena	1
latin	pop	female vocalists	80s	Gloria Estefan	7
latin	pop	spanish	rock	Juanes	6
latin	tejano	pop	female vocalists	Selena	3
latin	world	kizomba	Reggaeton	Fabyan & Juanmi	3
latin jazz	jazz	latin	cuban	Mongo Santamaria	2
latino	progressive merengue	spanish	latin	Henry Mendez	9
literature				David Wallace	1
locomotives	sounds			Lkm	3
lounge	80s			Bellestar	1
mashup				Xyclankiller2	2
melodic hardcore	hardcore	hardcore punk	punk rock	Ignite	17
melodic hardcore	hardcore	heavy metal	metalcore	Surrender	1
melodic rock	hardcore	AOR	electronic	Stranded	1
merengue	latin	salsa	latin pop	Elvis Crespo	3
metal	hardcore	french	Fusion	Lofofora	6
metal	rock	hardcore		Century Media Records	4
metal	rock	post-hardcore	cover	Jonathan Young	1
metalcore	hard rock	metal	hardcore	Avenged Sevenfold	8
metalcore	hardcore	french	deathcore	The Arrs	4
metalcore	hardcore	melodic metalcore	australian	Parkway Drive	6
metalcore	hardcore	metal	screamo	Atreyu	1
metalcore	mathcore	hardcore	metal	Architects	2
metalcore	melodic metalcore	Female fronted metal	female vocalists	In This Moment	3
metalcore	post-hardcore	hardcore	metal	Beartooth	1
metalcore	post-hardcore	screamo	hardcore	Motionless In White	1
metalcore	thrash metal	metal	heavy metal	Trivium	6
minimal	minimal techno	techno	electronic	Stephan Bodzin	1
modern rock	alternative rock	post-grunge	ccm	No Resolve	2
montreal	Hip-Hop	good shit	dj	Billboard	2
musical	french	Soundtrack	francais	Notre Dame De Paris	1
musical	pop	italian	Progressive rock	Richard Cocciante	2
musical	steampunk	Dieselpunk	ambient	Paul Shapera	1
neofolk	folk	Nu Metal	chinese	Bloodywood	6
neofolk	folk	dark folk	nordic folk	Heilung	10
new age	ambient	celtic	chillout	Era	6
new age	ambient	electronic	chillout	Enigma	12
new wave	80s	pop	british	Frankie Goes To Hollywood	3
new wave	80s	pop	female vocalists	Eurythmics	1
new wave	80s	pop	synth pop	Berlin	1
new wave	80s	rock	pop	Simple Minds	5
new wave	80s	synthpop	synth pop	Bronski Beat	1
new wave	french	80s	French Music	Les Avions	2
new wave	french	80s	chanson francaise	Partenaire Particulier	3
new wave	pop	80s	synth pop	A Ha	2
new wave	pop	80s	synth pop	A-Ha	1
new wave	post-punk	electronic	80s	New Order	8
new wave	synthpop	80s	electronic	Soft Cell	8
new wave	synthpop	80s	glam rock	Q Lazzarus	3
new wave	synthpop	new romantic	80s	Visage	1
northern soul				Rosetta Hightower	2
norwegian	metal	metal cover	hard rock	Leo Moracchioli	16
nu-jazz	electronic	downtempo	lounge	Parov Stelar	8
oldies	60s	pop	easy listening	Andy Williams	1
peruvian	Psychedelic Rock	psychedelic	Peru	Telegraph Avenue	4
piano	instrumental	Classical	covers	Ark Sano	2
pop	80s	british	soul	George Michael	2
pop	80s	dance	soul	Michael Jackson	12
pop	80s	electronic	synthpop	Jimmy Somerville	3
pop	80s	female vocalists	new wave	Bangles	4
pop	80s	french	80s Pop	Bill Baxter	2
pop	90s	british	dance	East 17	1
pop	90s	british	female vocalists	Spice Girls	5
pop	90s	dance	hardcore	Worlds Apart	1
pop	Disco	70s	swedish	Abba	3
pop	Greek	70s	romantic	Demis Roussos	1
pop	USA	female vocalists	pop rock	Gayle	1
pop	australian	indie pop	female vocalists	Tones And I	1
pop	boybands	90s	british	Five	2
pop	britpop	british	rock	Robbie Williams	3
pop	chanson francaise	french slamcore	male	Francis Lalanne	1
pop	classic rock	singer-songwriter	rock	Elton John	2
pop	dance	90s	latin	Los Del Rio	2
pop	dance	electronic	female vocalists	Lady Gaga	4
pop	dance	eurodance	90s	Aqua	1
pop	dance	female vocalists	80s	Madonna	6
pop	dance	female vocalists	Britney Spears	Britney Spears	1
pop	dance	female vocalists	australian	Kylie Minogue	2
pop	dance	male vocalists	soul	Billy Crawford	1
pop	electronic	indie	female vocalist	Lilly Wood & The Prick And Robin Schulz	1
pop	electropop	rnb	japanese	Rina Sawayama	1
pop	electropop	synthpop	electronic	Nyxx	3
pop	female vocalists	80s	dance	Cher	1
pop	female vocalists	Canadian	90s	Céline Dion	9
pop	female vocalists	australian	rock	Tina Arena	1
pop	female vocalists	british	90s	All Saints	1
pop	female vocalists	dance	Disney	Miley Cyrus	3
pop	female vocalists	indie	australian	Micky Green	3
pop	female vocalists	soul	british	Tasmin Archer	1
pop	france	french	80s	Caroline Loeb	2
pop	french			Bratisla Boys	2
pop	french	female vocalists	french pop	A1 & Eve Angeli	1
pop	french	female vocalists	french pop	L5	1
pop	french	french pop	estonia	Daniel Levi	2
pop	german	new wave	80s	Nena	2
pop	indie pop	electropop	art pop	Billie Eilish	2
pop	latin	female vocalists	spanish	Shakira	11
pop	latin	female vocalists	spanish	Shakira Shakira	3
pop	latin	latin pop	dance	Ricky Martin	7
pop	latin	spanish	dance	Enrique Iglesias	4
pop	latin	spanish	spain	Alvaro Soler	6
pop	mambo	latin	dance	Lou Bega	3
pop	pop rock	90s	rock	Hanson	3
pop	rap	Hip-Hop		Mixa	1
pop	rnb	Sweden	swedish	Nea	1
pop	rnb	female vocalists	soul	Mariah Carey	1
pop	rnb	latin	female vocalists	Jennifer Lopez	10
pop	rnb	latin	female vocalists	Jennifer Lopez  Pitbull	3
pop	rnb	latin	female vocalists	Jennifer Lopez Pitbull	3
pop	rnb	male vocalists	r&b	Bruno Mars	2
pop	soul	80s	british	Simply Red	2
pop	soul	female vocalists	rnb	Whitney Houston	2
pop	soul	rock	female vocalists	Tina Turner	1
pop	spanish	artistes		Jose De Rico & Henry Mendez	3
pop	spanish	female vocalists	german	Jeanette	3
pop	swedish	female vocalists	indie	Zara Larsson	1
pop rock	polish	rock	pop	Video	1
pop rock	pop	rock	female vocalists	Avril Lavigne	5
pop rock	rock	pop	alternative	Maroon 5	2
post-hardcore	alternative rock	rock	alternative	Quicksand	2
post-hardcore	pop	hard rock	post-punk	Gold	1
post-hardcore	punk	norwegian	hardcore	Blood Command	6
post-hardcore	screamo	emocore	hardcore	Our Last Night	1
post-hardcore	screamo	experimental	hardcore	La Dispute	1
post-punk	Crank wave	post-brexit new wave	rock	Shame	3
post-punk	Crank wave	post-hardcore	punk	Idles	2
post-punk	french	france	female vocalists	Jehnny Beth	2
post-punk	indie	experimental	indie rock	Clinic	3
post-punk	new wave	80s	alternative	Joy Division	82
post-punk	new wave	alternative	80s	Cure	2
post-punk	new wave	alternative	80s	The Cure	109
post-punk	new wave	industrial	industrial rock	Killing Joke	4
post-punk	new wave	israeli	electronic	Minimal Compact	1
post-punk	rock	alternative	singer-songwriter	Nick Cave  The Bad Seeds	10
post-punk	rock	alternative	singer-songwriter	Nick Cave & The Bad Seeds	100
post-punk	rock	alternative	singer-songwriter	Nick Cave And The Bad Seeds	1
post-rock	instrumental	Progressive	american	Motionless	3
progressive trance	psytrance	progressive psytrance	psychedelic	Ace Ventura	1
psychedelic	trance	psytrance	electronic	Maitika	1
psycho	psychedelic	surreal	psychosis	The Psychedelic Muse	1
psytrance	goa	trance	synthpop	Astrix & Atomic Pulse	1
psytrance	progressive psytrance	psychedelic trance	electronic	Vini Vici	8
psytrance	psychedelic	trance	goa	Astrix	1
punk	deutschpunk	punk rock	german	Slime	6
punk	french	punk rock	All	Les Sheriff	3
punk	hardcore punk	finnish punk		Vth	1
punk	hardcore punk	punk rock	hardcore	Dead Kennedys	6
punk	hardcore punk	punk rock	street punk	The Exploited	1
punk	punk rock	70s	classic rock	Ramones	1
punk	punk rock	All	dutch	Nra	1
punk	punk rock	Czech	czech punk	Houba	1
punk	punk rock	Oi	British Punk	The Adicts	3
punk	punk rock	british	rock	Clash	5
punk	punk rock	british	rock	The Clash	11
punk	punk rock	folk punk	irish	Dropkick Murphys	264
punk	punk rock	french	anarchist	Les Sales Majestés	6
punk	punk rock	french	french punk	Ludwig Von 88	7
punk	punk rock	french	rock	Bérurier Noir	3
punk	punk rock	hardcore punk	Canadian	Snfu	2
punk	punk rock	punk covers	rock	Punk Covers	4
punk	punk rock	rock	classic rock	Iggy Pop	8
punk	punk rock	ska punk	ska	Rancid	37
punk	rock	france	french	Les 3 Fromages	1
punk	street punk	hardcore punk	punk rock	The Casualties	1
punk rock	alternative			M&E	1
punk rock	german	punk	rock	Die Toten Hosen	18
punk rock	melodic hardcore	punk	hardcore	Rise Against	12
punk rock	melodic hardcore	punk	hardcore	Strung Out	1
punk rock	pop punk	rapcore	punk	Zebrahead	1
punk rock	punk	french	hardcore punk	Burning Heads	18
punk rock	punk	hardcore	political	Pennywise	90
punk rock	punk	indie	alternative	Bad Astronaut	1
punk rock	punk	melodic punk	skatepunk	Astream	5
punk rock	punk	metalcore	skate punk	Snuff	7
punk rock	punk	political	rock	Bad Religion	2
punk rock	punk	political punk	political	Anti-Flag	17
punk rock	punk	pop punk	hardcore	Lag Wagon	3
punk rock	punk	pop punk	hardcore	Lagwagon	108
punk rock	punk	pop punk	rock	No Use For A Name	86
punk rock	punk	rock	alternative rock	The Offspring	20
punk rock	punk	rockabilly	rock	Social Distortion	1
punk rock	punk	ska	spanish	Boikot	1
punk rock	punk	ska punk	ska	Goldfinger	16
punk rock	punk	ska punk	ska	Nofx	289
punk rock	punk	skate punk	melodic hardcore	No Fun At All	13
punk rock	punk	skate punk	melodic hardcore	Ten Foot Pole	4
punk rock	punk	street punk	Boston punk	Street Dogs	1
punk rock	punk	swedish	heavy metal	Randy	4
punk rock	rock	punk	pop punk	Green Day	10
punk rock	skate punk	melodic hardcore	punk	Satanic Surfers	15
punk rock	skate punk	punk	swedish	Millencolin	18
quebecois	female vocalists	pop	singer-songwriter	Diane Tell	1
raggae	dancehall			Nikey Fungus	2
rai	arabic	algerian	world	Khaled	3
rap	Hip-Hop	french	worst of 2010	Diam S	3
rap	Hip-Hop	french hip-hop	rap francais	Disiz La Peste	1
rap	Hip-Hop	hip hop	Eminem	Eminem	1
rap	Hip-Hop	rap francais	french	Don Choa	1
rap	french rap	rap francais	Hip-Hop	Kool Shen	1
rap	french rap	rap francais	french	Psy 4 De La Rime	1
rap	hip hop	german	electronic	App	2
rap	indonesia	indonesian		Tofu	3
rapcore	Nu Metal	crossover	alternative	Methods Of Mayhem	1
rapcore	Nu Metal	french		The Wiggar Overdose	6
rapcore	crossover	Nu Metal	rap metal	Stuck Mojo	13
rapcore	crossover	industrial metal	metal	Clawfinger	6
rapcore	crossover	oldschool hardcore	rap	Rhythm Trip	5
rapcore	frenchcore	Nu Metal	french	Enhancer	9
rapcore	post-hardcore	alternative metal	rock	Fever 333	1
rapcore	rap	hardcore	screamo	Hollywood Undead	5
reggae	80s	british	pop	Musical Youth	4
reggae	80s	ska	pop	Ub 40	2
reggae	chanson francaise	french	guinea	William Baldé	1
reggae	dancehall	german	german reggae	Seeed	2
reggae	dancehall	jamaica	electronica	Keida	2
reggae	dancehall	queen ifrica	jamaica	Queen Ifrica	2
reggae	dancehall	ragga	jamaica	Super Cat	2
reggae	dancehall	ragga	roots	Anthony B	2
reggae	dancehall	salsa	pop	Anthony Cruz	1
reggae	french	chanson francaise	acoustic	Tryo	1
reggae	french	dub	nouvelle scene francaise	Sinsémilia	11
reggae	french	rap	rock	Oaistar	1
reggae	latin	ska	world	Manu Chao	12
reggae	lovers rock	female vocalists	soul	Sandra Cross	2
reggae	rocksteady	ska	roots reggae	Melodians	3
reggae	rocksteady	ska	skinhead reggae	Pat Kelly	3
reggae	roots reggae	dub	roots	Midnite	2
reggae	roots reggae	lovers rock	dancehall	Glen Washington	2
reggae metal	rapcore	metal	reggae	Skindred	19
riot grrrl	Garage Punk	Crank wave	post-punk	Lambrini Girls	1
rnb	Hip-Hop	french	soul	Willy Denzey	1
rnb	Hip-Hop	pop	female vocalists	Kelis	2
rnb	dance	female vocalists	duets	Beyoncé & Shakira	3
rnb	electronic	dubstep	Canadian	The Weeknd	4
rnb	pop	female vocalists	soul	Destiny S Child	1
rnb	pop	french	male vocalists	M  Pokora	1
rnb	pop	french	mali	Aya Nakamura	3
rnb	pop	rap	Hip-Hop	Danileigh	1
rnb	soul	Neo-Soul		Keep Cool	1
rnb	soul	female vocalists	Hip-Hop	Estelle	4
rock	80s			Artist	60
rock	80s	classic rock	Soundtrack	John Cafferty	1
rock	Garage Rock	alternative rock	blues rock	Royal Blood	2
rock	alternative	alternative rock	female vocalists	The Cranberries	9
rock	alternative	alternative rock	indie	Radiohead	9
rock	alternative	alternative rock	pop	Sugar Ray	6
rock	alternative	britpop	alternative rock	Coldplay	7
rock	alternative	hungarian	bijou	Bijou	12
rock	alternative rock	90s	alternative	Spin Doctors	5
rock	alternative rock	90s	female vocalists	4 Non Blondes	3
rock	alternative rock	Funk Rock	alternative	Red Hot Chili Peppers	55
rock	alternative rock	alternative	90s	Counting Crows	1
rock	alternative rock	alternative	90s	Urge Overkill	7
rock	alternative rock	alternative	Canadian	Crash Test Dummies	2
rock	alternative rock	alternative	hard rock	Daughtry	3
rock	alternative rock	alternative	indie	Jet	7
rock	alternative rock	alternative	indie	R E M 	1
rock	alternative rock	alternative	indie	Rem	4
rock	alternative rock	alternative	indie	The White Stripes	20
rock	alternative rock	female vocalists	alternative	Skunk Anansie	7
rock	alternative rock	finnish	alternative	The Rasmus	3
rock	alternative rock	metal	heavy metal	Corey Taylor	1
rock	alternative rock	metal	heavy metal	Corey Taylor 	1
rock	american	true blood	cajun rock	Cc Adcock & The Lafayette Marquis	2
rock	australian	80s	alternative	Midnight Oil	2
rock	blues	singer-songwriter	indie	Jack White	2
rock	britpop	indie	alternative	Stereophonics	2
rock	celtic	irish	celtic rock	Black 47	1
rock	classic rock	80s	pop	Brian Adams	2
rock	classic rock	irish	alternative	U2	3
rock	classic rock	latin	guitar	Santana	6
rock	classic rock	singer-songwriter	folk	Bruce Springsteen	12
rock	classic rock	singer-songwriter	glam rock	Lou Reed	2
rock	electronic	indie	alternative	Primal Scream	11
rock	french	rock francais	80s	Téléphone	3
rock	french	rock francais	alternative rock	No One Is Innocent	2
rock	french	rock francais	chanson francaise	Matmatah	22
rock	french	rock francais	france	Elmer Food Beat	4
rock	funk	alternative	alternative rock	Lenny Kravitz	7
rock	funk	alternative rock	indie	Big Soul	2
rock	hard rock	classic rock	80s	Bon Jovi	3
rock	hard rock	punk	Drum and bass	Silver	3
rock	indie	indie rock	true blood	Cobra Verde	1
rock	indie rock	punk rock	female fronted	Dead Posey	3
rock	japanese	hard rock	j-pop	Gmt	9
rock	latin	tex-mex	americana	Los Lobos	3
rock	metal	metal xmas	xmas	Tommy Shaw And Others	1
rock	new wave	80s	australian	Inxs	26
rock	new wave	80s	punk	Billy Idol	2
rock	new wave	classic rock	80s	The Police	72
rock	pop	indie	swedish	Ringo	1
rock	singer-songwriter	alternative	alternative rock	Nick Cave	83
rock	ska	pop	alternative	No Doubt	5
rock n roll	classic rock	rock	oldies	Elvis Presley	16
rock'n'roll	heavy metal	metal xmas	xmas	Lemmy Kilmister And Others	1
rocksteady	ska	reggae	jamaica	Byron Lee	2
roots	reggae			Brasucas	2
salsa	latin	Colombia	yuri buenaventura	Yuri Buenaventura	2
salsa	latin	pop	Marc Anthony	Marc Anthony	9
samba	brasil	Pagode	brazil	Arlindo Cruz	2
shoegaze	ethereal	female vocalists	downtempo	Mira	6
sid metal	Melodic Death Metal	Power metal	electronic	Degitx	2
singer-songwriter	Alt-country	country	female vocalists	Lucinda Williams	1
singer-songwriter	Alt-country	folk	rock	Ryan Adams	1
singer-songwriter	Grunge	rock	folk	Eddie Vedder	2
singer-songwriter	classic rock	folk	rock	Jackson Browne	2
singer-songwriter	folk	german	under 2000 listeners	Ghost Of A Chance	4
singer-songwriter	indie	indie pop	britpop	Richard Hawley	2
singer-songwriter	rock	australian	alternative	Mick Harvey	5
singer-songwriter	rock	blues	folk	Willy Deville	1
ska	00s	rocksteady	ska-jazz	Skamonics	1
ska	alternative	latin	rock	Mano Negra	7
ska	british	new wave	80s	Madness	18
ska	covers	ska punk	reggae	Skameleon	7
ska	french	chanson francaise	world	Zebda	13
ska	french	ska punk	rock	La Ruda Salska	18
ska	punk	french	chanson francaise	Marcel Et Son Orchestre	12
ska	punk	rock	covers	Punk Ska Covers	1
ska	reggae	60s	jamaica	Millie Small	2
ska	reggae	australian	rocksteady	Melbourne Ska Orchestra	5
ska	reggae	cover		Bob Kooparos	1
ska	reggae	punk	alternative	Sublime	1
ska	reggae	rocksteady	dub	Tommy Mccook	4
ska	reggae	rocksteady	jamaica	Desmond Dekker	1
ska	ska punk	female vocalists	punk	Save Ferris	1
ska	ska punk	french	punk	Les Caméléons	3
ska	ska punk	french	punk	Skarface	1
ska	ska punk	punk	alternative	Reel Big Fish	9
ska	ska punk	russian	austrian	Russkaja	8
ska	ska punk	skacore	punk	The Mighty Mighty Bosstones	3
ska	ska punk	spanish	punk	Ska-P	4
ska	swedish	punk rock	punk	Chickenpox	1
ska	swiss	ska punk	switzerland	The Ventilators	8
ska	two-tone	2 tone	british	The Selecter	2
ska	two-tone	reggae	punk	The Specials	1
ska punk	ska	punk	punk rock	Less Than Jake	3
ska punk	ska	punk	punk rock	The Interrupters	24
ska punk	ska	skacore	punk	Voodoo Glow Skulls	4
ska-punk	french	patchanka		Tactikollectif	1
soukous	congo	Congolese	world	Mbilia Bel	2
soul	60s	blues	oldies	Ben E  King	1
soul	60s	rhythm and blues	oldies	Barbara Lewis	1
soul	New Orleans	funk	rhythm and blues	Allen Toussaint	1
soul	afrobeat	ghana	jazz	Jojo Abot	2
soul	blues	female vocalists	funk	Sugar Pie Desanto	2
soul	blues	singer-songwriter	jazz	Michael Kiwanuka	2
soul	female vocalists	british	singer-songwriter	Adele	1
soul	funk	Disco	rnb	Barry White	3
soul	funk	New Orleans	rhythm and blues	Lee Dorsey	1
soul	funk	motown	pop	Stevie Wonder	5
soul	funk	motown	rhythm and blues	Marvin Gaye	2
soul	funk	northern soul	60s	Shirley Ellis	2
soul	funk	rnb	70s	William Devaughn	2
soul	funk	rnb	horns	Eli Paperboy Reed	2
soul	jazz	female vocalists	blues	Aretha Franklin	4
soul	jazz	female vocalists	chillout	Sade	12
soul	motown	60s	oldies	Four Tops	1
soul	pop	Disco	funk	The Jacksons	3
soul	pop	singer-songwriter	90s	Seal	1
soul	rhythm and blues	60s	funk	Sam & Dave	1
soul	rnb	Neo-Soul	funk	Lucy Pearl	1
soul	rnb	Neo-Soul	singer-songwriter	John Legend	1
sound effects	Canadian	Hip-Hop	hip hop	Sound Fx	5
space rock	Psychedelic Rock	Progressive rock	psychedelic	Hawkwind	1
spanish	pop	latin	female vocalists	Las Ketchup	1
surf rock	Garage Rock	60s	Surf	The Trashmen	3
swedish	heavy metal	metal	comedy	Black Ingvars	5
symphonic metal	Gothic Metal	Female fronted metal	metal	Delain	1
symphonic metal	Gothic Metal	Female fronted metal	metal	Within Temptation	2
symphonic metal	Gothic Metal	death metal	Progressive metal	Therion	2
synthpop	80s	new wave	pop	Erasure	2
synthpop	electronic	darkwave	hard rock	Trust	9
synthpop	new wave	80s	pop	Alphaville	1
synthpop	pop	belgian	french	Lio	2
synthwave	electronic	darksynth	retrowave	Gost	1
synthwave	electronic	synthpop	electro	Power Glove	1
synthwave	electronic	synthpop	retro electro	Perturbator	4
synthwave	electronic	synthpop	retrowave	Dance With The Dead	1
synthwave	retro electro	electronic	retrowave	Carpenter Brut	1
tango	electronic	chillout	lounge	Gotan Project	15
techno				Green Velvet & Harvard Bass	1
techno	Industrial Techno	hard techno	trance	Alignment	4
techno	electronic	Acid	electro	Beroshima	1
techno	electronic	House	french	Laurent Garnier	2
techno	electronic	House	punk	Slam	1
techno	electronic	eurodance	dance	U96	1
techno	electronic	germany	german	Hidden Empire	1
techno	italian	elektro-techno	Italy	Fedele	1
techno	minimal	electronic	electro	Thomas Schumacher	1
techno	tekno	Hardtek	freetekno	Spiral Tribe	2
thrash metal	Nu Metal	metal	groove metal	Soulfly	43
thrash metal	crossover	hardcore	thrashcore	Municipal Waste	3
thrash metal	death metal	metal	brazilian	Sepultura	127
thrash metal	death metal	metal xmas	heavy metal	Chuck Billy And Others	1
thrash metal	german	german thrash metal	metal	Destruction	2
thrash metal	groove metal	heavy metal	metal	Pantera	3
thrash metal	groove metal	metal	heavy metal	Machine Head	1
thrash metal	heavy metal	metal	hard rock	- Metallica	2
thrash metal	heavy metal	metal	hard rock	Enter Sandman	1
thrash metal	heavy metal	metal	hard rock	Metallica	57
thrash metal	heavy metal	speed metal	metal	Anthrax	4
thrash metal	heavy metal	speed metal	metal	Megadeth	64
thrash metal	industrial metal	metal	alternative metal	Prong	3
thrash metal	metal	groove metal	heavy metal	Channel Zero	8
thrash metal	metal	speed metal	heavy metal	Slayer	79
thrash metal	speed metal	heavy metal	metal	Overkill	2
top 50	french			Jean-Pierre François	1
trance				Kayashi	2
trance	dance	Hard Trance	electronic	Dj Deen	10
trance	electronic	ambient	chillout	Robert Miles	1
trance	electronic	dance	techno	Darude	1
trance	electronic	dance	techno	Tiësto	1
trance	psychedelic	electronic	goa	Astrix & Avalon	1
trap	Croatia	EDM		Tule	1
trip-hop	chillout	electronic	downtempo	Morcheeba	6
trip-hop	downtempo	electronic	Hip-Hop	Wax Tailor	2
trip-hop	electronic	Hip-Hop	french	Chinese Man	1
trip-hop	electronic	chillout	downtempo	Massive Attack	14
trip-hop	electronic	chillout	female vocalists	Hooverphonic	1
trip-hop	electronic	chillout	female vocalists	Olive	1
tropicalia	mpb	experimental	brazilian	Tom Zé	2
turkish	pop	Turkish Pop	dance	Tarkan	1
under 2000 listeners				Astero-H	4
under 2000 listeners				Sidaction	1
underground hip-hop	Hip-Hop	french hip-hop	rap	Droogz Brigade	5
us	Merge	Nigearia	nigeria	Rema & Selena Gomez	1
video game music	composer	Soundtrack	ambient	Michael John Gordon	9
violin	instrumental	electronic	Classical	Lindsey Stirling	7
vocal	french	a cappella	chanson francaise	Pow Wow	7
world	latin	Reggaeton		Farandula Boys	1
xmas	heavy metal	metal xmas		Geoff Tate And Others	1
zouk	french	latin	creole	Francky Vincent	3
zouk	french	pop	salsa	Zouk Machine	4
zouk	french	rnb	kizomba	Medhy Custos	3
