artist	nbr	tag1	tag2	artist:1
Depeche Mode	335	electronic	new wave	Depeche Mode
Iron Maiden	283	heavy metal	metal	Iron Maiden
Nofx	260	punk	punk rock	Nofx
Metallica	221	thrash metal	metal	Metallica
Dropkick Murphys	221	punk	punk rock	Dropkick Murphys
In Flames	198	Melodic Death Metal	metal	In Flames
No Use For A Name	160	punk rock	punk	No Use For A Name
Incubus	149	alternative rock	rock	Incubus 
Pennywise	140	punk	punk rock	Pennywise
Nick Cave	134	rock	singer-songwriter	Nick Cave
Serge Gainsbourg	121	french	chanson francaise	Serge Gainsbourg
Soulfly	118	thrash metal	metal	Soulfly
Agnostic Front	118	hardcore	hardcore punk	Agnostic Front
The Beatles	117	classic rock	rock	The Beatles
Clawfinger	109	rapcore	crossover	Clawfinger
Lagwagon	107	punk	punk rock	Lagwagon
Beastie Boys	106	Hip-Hop	rap	Beastie Boys
The Cure	104	post-punk	new wave	The Cure
Sepultura	102	thrash metal	metal	Sepultura
Nick Cave & The Bad Seeds	101	post-punk	rock	Nick Cave & The Bad Seeds
Indochine	88	french	new wave	Indochine
Satanic Surfers	86	punk rock	punk	Satanic Surfers
Biohazard	85	hardcore	crossover	Biohazard
The Police	82	rock	classic rock	The Police
Onyx	79	Hip-Hop	rap	Onyx
Kraftwerk	79	electronic	synthpop	Kraftwerk
Slayer	78	thrash metal	metal	Slayer
System Of A Down	77	metal	alternative metal	System Of A Down
Dark Tranquillity	77	Melodic Death Metal	death metal	Dark Tranquillity
Dark Tranquility	77	Melodic Death Metal	death metal	Dark Tranquility
Sup	75	Dark metal	Progressive metal	Sup
Muse	74	alternative rock	rock	Muse
Joy Division	72	post-punk	new wave	Joy Division
Infectious Grooves	71	funk metal	funk	Infectious Grooves
Five Finger Death Punch	71	metalcore	groove metal	Five Finger Death Punch
Moby	67	electronic	ambient	Moby
Hatebreed	67	hardcore	metalcore	Hatebreed
Daft Punk	65	electronic	House	Daft Punk
Deftones	62	Nu Metal	metal	Deftones
Megadeth	59	thrash metal	heavy metal	Megadeth
X-Ray Dog	55	Soundtrack	instrumental	X-Ray Dog
01	55	mysterious	mistagged artist	01
Mass Hysteria	54	metal	Nu Metal	Mass Hysteria
Keren Ann	54	female vocalists	french	Keren Ann
Dog Eat Dog	54	crossover	rapcore	Dog Eat Dog
03	54	mysterious	mistagged artist	03
05	53	mysterious	mistagged artist	05
04	53	mysterious	mistagged artist	04
Rob Zombie	52	industrial metal	metal	Rob Zombie
02	52	mysterious	mistagged artist	02
Wisdom In Chains	51	hardcore	hardcore punk	Wisdom In Chains
07	51	mysterious	mistagged artist	07
06	51	mysterious	mistagged artist	06
M	49	french	pop	M
Red Hot Chili Peppers	48	rock	alternative rock	Red Hot Chili Peppers
Abba	48	pop	Disco	Abba
09	48	punk	post-hardcore	09
08	48	mysterious	mistagged artist	08
Michael Jackson	47	pop	80s	Michael Jackson
Artsonic	47	Nu Metal	Nu-metal	Artsonic
U2	45	rock	classic rock	U2
Queen	45	classic rock	rock	Queen
La Rue Ketanou	45	french	chanson francaise	La Rue Ketanou
Simply Red	44	pop	80s	Simply Red
Sidilarsen	44	frenchcore	industrial	Sidilarsen
Les Croquants	44	chanson francaise	french	Les Croquants
Kings Of Leon	44	rock	indie	Kings Of Leon
R E M 	43	rock	alternative rock	R E M 
Lag Wagon	43	punk	punk rock	Lag Wagon
10	43	noise	metal	10
La Compagnie Creole	42	french	zouk	La Compagnie Creole
Manu Chao	41	reggae	latin	Manu Chao
Barbra Streisand	41	female vocalists	pop	Barbra Streisand
Radiohead	38	alternative	alternative rock	Radiohead
Morcheeba	38	trip-hop	chillout	Morcheeba
Gojira	38	death metal	Progressive metal	Gojira
Louis Armstrong	37	jazz	blues	Louis Armstrong
Da	37	post-punk	Gothic Rock	Da
The Asteroids Galaxy Tour	35	indie	alternative	The Asteroids Galaxy Tour
Supuration	34	death metal	progressive death metal	Supuration
Madness	34	ska	80s	Madness
11	34	electronic	rock	11
The Cranberries	33	rock	alternative	The Cranberries
Guns N  Roses	33	hard rock	rock	Guns N  Roses
Artist	33	rock	Queen	Artist
Shaka Ponk	32	electronic	alternative	Shaka Ponk
Loudblast	32	death metal	thrash metal	Loudblast
La Rue Kétanou	32	french	chanson francaise	La Rue Kétanou
Hans Zimmer	32	Soundtrack	instrumental	Hans Zimmer
David Bowie	32	rock	glam rock	David Bowie
The Spudmonsters	31	hardcore	seen live	The Spudmonsters
Mr Oizo	31	electronic	electro	Mr Oizo
Jacques Dutronc	31	french	chanson francaise	Jacques Dutronc
Beach Boys	31	classic rock	60s	Beach Boys
12	31	mistagged artist	turkish classical music	12
Sebastien Tellier - Mr Oizo - Sebastian	30	french	electronic	Sebastien Tellier - Mr Oizo - Sebastian
Bonus	30	seen live	Hip-Hop	Bonus
Nat King Cole	29	jazz	swing	Nat King Cole
Matmatah	29	rock	french	Matmatah
Digitalism	29	electronic	electro	Digitalism
Massive Attack	28	trip-hop	electronic	Massive Attack
Rancid	27	punk	punk rock	Rancid
Kaiser Chiefs	27	indie	indie rock	Kaiser Chiefs
Shakaponk	26	electronic	alternative	Shakaponk
Rammstein	26	industrial metal	metal	Rammstein
Fort Boyard	26	orchestra	Noise Pop Rock	Fort Boyard
Beattles	26	classic rock	rock	Beattles
Fredro Starr	25	Hip-Hop	rap	Fredro Starr
Fauve	25	french	indie	Fauve
Arctic Monkeys	25	indie rock	indie	Arctic Monkeys
Ignite	24	hardcore	melodic hardcore	Ignite
Diverse	24	Hip-Hop	underground hip-hop	Diverse
Yannick Noah	23	french	reggae	Yannick Noah
The Doors	23	classic rock	Psychedelic Rock	The Doors
Shania Twain	23	country	pop	Shania Twain
Public Service Broadcasting	23	seen live	experimental	Public Service Broadcasting
Louise Attaque	23	french	rock	Louise Attaque
Jean-Michel Jarre	23	electronic	ambient	Jean-Michel Jarre
Gold	23	seen live	post-punk	Gold
Channel Zero	23	thrash metal	seen live	Channel Zero
Black Eyed Peas	23	Hip-Hop	pop	Black Eyed Peas
Madonna	22	pop	dance	Madonna
London Philharmonic Orchestra And Andrew Skeet	22	Classical	instrumental	London Philharmonic Orchestra And Andrew Skeet
Helloween	22	Power metal	heavy metal	Helloween
Gorillaz	22	alternative	electronic	Gorillaz
Fugees	22	Hip-Hop	rap	Fugees
Cypress Hill	22	Hip-Hop	rap	Cypress Hill
Bob Marley & The Wailers	22	reggae	roots reggae	Bob Marley & The Wailers
Rem	21	rock	alternative rock	Rem
Ramin Djawadi	21	Soundtrack	instrumental	Ramin Djawadi
Petits Chanteurs De Saint Marc	21	Soundtrack	Classical	Petits Chanteurs De Saint Marc
Mnemic	21	industrial metal	metalcore	Mnemic
Ken Ishii	21	techno	electronic	Ken Ishii
Eric Clapton And Steve Winwood	21	blues	blues rock	Eric Clapton And Steve Winwood
Dutronc	21	french	chanson francaise	Dutronc
Ub 40	20	reggae	80s	Ub 40
Skip The Use	20	french	seen live	Skip The Use
Phil Collins	20	pop	80s	Phil Collins
Nirvana	20	Grunge	rock	Nirvana
New Order	20	new wave	electronic	New Order
Mr  Oizo	20	electronic	electro	Mr  Oizo
Mark Ronson	20	funk	pop	Mark Ronson
Lycosia	20	french	metal	Lycosia
Lionel Richie	20	soul	pop	Lionel Richie
Howard Shore	20	Soundtrack	Classical	Howard Shore
Fatboy Slim	20	electronic	big beat	Fatboy Slim
V A	19	various artists		V A
Unknown	19	ambient	dubstep	Unknown
The Dandy Warhols	19	indie	rock	The Dandy Warhols
System Of A Down - Live At Lille	19	metal	alternative metal	System Of A Down - Live At Lille
Stephan Eicher	19	swiss	singer-songwriter	Stephan Eicher
Radio France	19	podcast	Radio	Radio France
Pen Of Chaos	19	humour	french	Pen Of Chaos
Alanis Morissette	19	female vocalists	rock	Alanis Morissette
U96	18	techno	electronic	U96
System Of A Down - Live Pirate	18	metal	alternative metal	System Of A Down - Live Pirate
Sting & The Police	18	rock	classic rock	Sting & The Police
Sticky Fingaz	18	Hip-Hop	rap	Sticky Fingaz
Sade	18	soul	female vocalists	Sade
No Artist	18	mysterious	mistagged artist	No Artist
Nine Inch Nails	18	industrial	industrial rock	Nine Inch Nails
Matt Uelmen	18	Soundtrack	ambient	Matt Uelmen
Julien Clerc	18	chanson francaise	french	Julien Clerc
James Brown	18	funk	soul	James Brown
Harmonia	18	krautrock	electronic	Harmonia
Cerealchiller	18	Speed-Tekno-Core		Cerealchiller
14	18	Hip-Hop	60s	14
13	18	Sludge	doom metal	13
Pro-Pain	17	hardcore	thrash metal	Pro-Pain
Nick Cave And The Bad Seeds	17	post-punk	rock	Nick Cave And The Bad Seeds
Modeselektor	17	electronic	idm	Modeselektor
Gramatik	17	Hip-Hop	funk	Gramatik
Freddie Mercury	17	rock	classic rock	Freddie Mercury
Eric Clapton	17	classic rock	blues	Eric Clapton
Wax Tailor	16	trip-hop	downtempo	Wax Tailor
The Do	16	indie	female vocalists	The Do
Texas	16	pop	rock	Texas
Placebo	16	alternative rock	alternative	Placebo
Parabellum	16	black metal	punk	Parabellum
Les Inconnus	16	humour	french	Les Inconnus
Elmer Food Beat	16	french	rock	Elmer Food Beat
Cake	16	alternative	rock	Cake
Best Of	16	jazz	Bossa Nova	Best Of
Beatles	16	classic rock	rock	Beatles
Avril Lavigne	16	pop	pop rock	Avril Lavigne
Wolfgang Amadeus Mozart	15	Classical	instrumental	Wolfgang Amadeus Mozart
Téléphone	15	rock	french	Téléphone
The  Christians	15	soul	pop	The  Christians
System Of A Down - Inédits	15	metal	alternative metal	System Of A Down - Inédits
Slipknot	15	Nu Metal	metal	Slipknot
Robert Johnson	15	blues	delta blues	Robert Johnson
Oratory	15	Power metal	symphonic metal	Oratory
Niagara	15	french	rock	Niagara
Mickey 3D	15	french	rock	Mickey 3D
Killing Joke	15	post-punk	industrial	Killing Joke
Jeff Mills & Montpellier Philarmonic Orchestra	15	detroit techno	techno	Jeff Mills & Montpellier Philarmonic Orchestra
Indecision	15	hardcore	metalcore	Indecision
Glenn Stafford	15	Soundtrack	video game music	Glenn Stafford
Fall Out Boy	15	pop punk	rock	Fall Out Boy
Evanescence	15	rock	Gothic Rock	Evanescence
Enya	15	new age	celtic	Enya
Def Leppard	15	hard rock	classic rock	Def Leppard
Bangles	15	80s	pop	Bangles
Woodkid	14	indie	alternative	Woodkid
Urge Overkill	14	rock	alternative rock	Urge Overkill
The City Of Prague Philharmonic Orchestra	14	Classical	symphonic	The City Of Prague Philharmonic Orchestra
System Of A Down Track	14	metal	alternative metal	System Of A Down Track
System Of A Down - Toxicity	14	metal	alternative metal	System Of A Down - Toxicity
Serj Tankian	14	alternative metal	alternative	Serj Tankian
Noir Désir	14	french	rock	Noir Désir
Moriarty	14	folk	indie	Moriarty
Mattafix	14	Hip-Hop	trip-hop	Mattafix
Mary Beats Jane	14	thrash metal	metal	Mary Beats Jane
In This Moment	14	metalcore	melodic metalcore	In This Moment
Elvis Presley	14	rock n roll	classic rock	Elvis Presley
Dj Zebra	14	mashup	bootleg	Dj Zebra
Burning Heads	14	punk rock	punk	Burning Heads
Bullet For My Valentine	14	metalcore	metal	Bullet For My Valentine
Ben Harper	14	singer-songwriter	acoustic	Ben Harper
Avenged Sevenfold	14	metalcore	metal	Avenged Sevenfold
The Xx	13	indie	electronic	The Xx
The John Butler Trio	13	acoustic	australian	The John Butler Trio
The Arrs	13	metalcore	hardcore	The Arrs
Renan Luce	13	french	chanson francaise	Renan Luce
Primal Scream	13	rock	indie	Primal Scream
Pj Harvey	13	female vocalists	alternative	Pj Harvey
Norah Jones	13	jazz	female vocalists	Norah Jones
Napalm Death	13	grindcore	death metal	Napalm Death
La Ruda Salska	13	ska	french	La Ruda Salska
Keane	13	britpop	indie	Keane
Johnny Hallyday	13	french	chanson francaise	Johnny Hallyday
Gipsy Kings	13	Flamenco	latin	Gipsy Kings
Easy Stars All-Stars	13	reggae	dub	Easy Stars All-Stars
Coldplay	13	rock	alternative	Coldplay
Bee Gees	13	Disco	pop	Bee Gees
Barry White	13	soul	funk	Barry White
Antonio Vivaldi	13	Classical	baroque	Antonio Vivaldi
Tears For Fears	12	new wave	80s	Tears For Fears
Tarace Boulba	12	funk	french	Tarace Boulba
Susan Boyle	12	female vocalists	british	Susan Boyle
Superbus	12	french	pop rock	Superbus
Spudmonsters	12	hardcore	seen live	Spudmonsters
Pop Evil	12	post-grunge	alternative rock	Pop Evil
Mark  Ronson	12	funk	pop	Mark  Ronson
Low	12	slowcore	indie	Low
Guns N Roses	12	hard rock	rock	Guns N Roses
Genesis	12	Progressive rock	classic rock	Genesis
Dixieland Jazz Band	12	jazz	dixieland	Dixieland Jazz Band
Collectif Métissé	12	french	dance	Collectif Métissé
Claude François	12	french	chanson francaise	Claude François
Bruno Mars	12	pop	rnb	Bruno Mars
Bijou	12	rock	hungarian	Bijou
Aqme	12	Nu Metal	metal	Aqme
Twenty One Pilots	11	electronic	alternative	Twenty One Pilots
The Whitest Boy Alive	11	indie	electronic	The Whitest Boy Alive
The Cavalera Conspiracy	11	thrash metal	groove metal	The Cavalera Conspiracy
Story Of The Year	11	post-hardcore	rock	Story Of The Year
Sonic Youth	11	alternative	experimental	Sonic Youth
Shakira	11	pop	latin	Shakira
Sebastien Tellier	11	electronic	french	Sebastien Tellier
Rone	11	minimal	techno	Rone
Raphael	11	french	visual kei	Raphael
Police	11	rock	classic rock	Police
Moonspell	11	Gothic Metal	doom metal	Moonspell
Lamb Of God	11	metalcore	groove metal	Lamb Of God
Ken Ishi	11	techno	electronic	Ken Ishi
Kaolin	11	french	rock	Kaolin
George Michael	11	pop	80s	George Michael
Francky Vincent	11	zouk	creole	Francky Vincent
Diablo Blvd	11	seen live	hard rock	Diablo Blvd
Daniel Balavoine	11	chanson francaise	french	Daniel Balavoine
Dagoba	11	industrial metal	groove metal	Dagoba
Daddy Yankee	11	Reggaeton	latin	Daddy Yankee
Chuck Berry	11	Rock and Roll	classic rock	Chuck Berry
Bézu	11	Chanson Française	GodZ	Bézu
At The Gates	11	Melodic Death Metal	death metal	At The Gates
Air	11	electronic	chillout	Air
The Clash	10	punk	punk rock	The Clash
The Black Eyed Peas	10	Hip-Hop	pop	The Black Eyed Peas
Stars On 45	10	Disco	80s	Stars On 45
Simian  Mobile  Disco	10	electronic	electro	Simian  Mobile  Disco
Ricky Martin	10	latin	pop	Ricky Martin
Richard Gotainer	10	humour	french	Richard Gotainer
People From Venus	10	indie rock	under 2000 listeners	People From Venus
Martin Solveig	10	House	electronic	Martin Solveig
Locust	10	electronic	trip-hop	Locust
Lio	10	synthpop	pop	Lio
La Compagnie Créole	10	french	zouk	La Compagnie Créole
Kool & The Gang	10	funk	soul	Kool & The Gang
Jean-Pierre Mader	10	french	chanson francaise	Jean-Pierre Mader
Iro Maiden	10	heavy metal	metal	Iro Maiden
Hollysiz	10	female vocalists	indie pop	Hollysiz
Gotan Project	10	tango	electronic	Gotan Project
Goldfinger	10	punk	ska	Goldfinger
Ed Sheeran	10	acoustic	british	Ed Sheeran
Dany Brillant	10	jazz	french	Dany Brillant
Cave In	10	hardcore	metalcore	Cave In
Buena Vista Social Club	10	latin	cuban	Buena Vista Social Club
16	10	Sludge	hardcore	16
15	10	mistagged track	blues	15
Warpaint	9	psychedelic	indie	Warpaint
Various Artists	9	electronic	indie	Various Artists
The Weeknd	9	rnb	electronic	The Weeknd
Pierpoljak	9	reggae	french	Pierpoljak
Patrick Sebastien	9	france	Variete francaise	Patrick Sebastien
Patrick Juvet	9	Disco	70s	Patrick Juvet
Ottawan	9	Disco	80s	Ottawan
Marc Anthony	9	salsa	latin	Marc Anthony
M  Pokora	9	rnb	pop	M  Pokora
Justice	9	electronic	electro	Justice
Juanes	9	latin	spanish	Juanes
Jennifer Lopez	9	pop	latin	Jennifer Lopez
Jeanne Mas	9	french	pop	Jeanne Mas
Jackson 5	9	soul	motown	Jackson 5
Imagination	9	Disco	80s	Imagination
Images	9	french	pop	Images
Henry Mendez	9	Reggaeton	latin	Henry Mendez
François Valéry	9	80s	french	François Valéry
France Gall	9	french	pop	France Gall
Film	9	rock	alternative rock	Film
Donna Summer	9	Disco	pop	Donna Summer
Dario Moreno	9	turkish	chillout	Dario Moreno
Dalida	9	french	female vocalists	Dalida
Christophe Willem	9	french	pop	Christophe Willem
Christophe Maé	9	french	pop	Christophe Maé
Chayanne	9	chayanne	latin	Chayanne
Carly Rae Jepsen	9	pop	Canadian	Carly Rae Jepsen
Carlos	9	trance	electronic	Carlos
Black M	9	Hip-Hop	france	Black M
Black Bomb A	9	metalcore	hardcore	Black Bomb A
Bad Religion	9	punk	punk rock	Bad Religion
Ac Dc	9	hard rock	classic rock	Ac Dc
Zebda	8	french	ska	Zebda
Trust	8	synthpop	electronic	Trust
Sébastien Patoche	8	chanson francaise	Crap	Sébastien Patoche
Stromae	8	electronic	dance	Stromae
Stevie Wonder	8	soul	funk	Stevie Wonder
Soft Cell	8	new wave	80s	Soft Cell
Sean Paul	8	dancehall	reggae	Sean Paul
Raggasonic	8	reggae	ragga	Raggasonic
Pulley	8	punk rock	punk	Pulley
Plastic Bertrand	8	new wave	punk	Plastic Bertrand
Paradisio	8	eurodance	dance	Paradisio
Mano Negra	8	ska	alternative	Mano Negra
Magazine 60	8	Italo Disco	80s	Magazine 60
Lost Frequencies	8	electronic	deep house	Lost Frequencies
Lily Allen	8	pop	female vocalists	Lily Allen
Les Rita Mitsouko	8	french	rock	Les Rita Mitsouko
Les Forbans	8	french	seen live	Les Forbans
Grace Jones	8	Disco	new wave	Grace Jones
Durendal	8	humour	metalcore	Durendal
Chic	8	Disco	funk	Chic
Cher	8	pop	female vocalists	Cher
Bernard Lavilliers	8	chanson francaise	french	Bernard Lavilliers
Aya Nakamura	8	rnb	pop	Aya Nakamura
Various	7	electronic	indie	Various
Too Many Zooz	7	jazz	seen live	Too Many Zooz
Scorpions	7	hard rock	classic rock	Scorpions
Propain	7	Hip-Hop	rap	Propain
Pharrell Williams	7	Hip-Hop	rnb	Pharrell Williams
Mylène Farmer	7	french	pop	Mylène Farmer
Miles Davis	7	jazz	trumpet	Miles Davis
Meco	7	Disco	instrumental	Meco
Maroon 5	7	rock	pop	Maroon 5
Major Lazer	7	seen live	dancehall	Major Lazer
Lenny Kravitz	7	rock	funk	Lenny Kravitz
Lady Gaga	7	pop	dance	Lady Gaga
Jean-Louis Aubert	7	french	rock francais	Jean-Louis Aubert
Gloria Gaynor	7	Disco	70s	Gloria Gaynor
Gloria Estefan	7	latin	pop	Gloria Estefan
David Guetta	7	House	dance	David Guetta
Corona	7	eurodance	dance	Corona
Cascada	7	dance	trance	Cascada
Calogero	7	french	chanson francaise	Calogero
Bérurier Noir	7	punk	french	Bérurier Noir
Britney Spears	7	pop	dance	Britney Spears
Avicii	7	House	electronic	Avicii
Anti Flag	7	punk	punk rock	Anti Flag
18	7	Soundtrack	metal	18
17	7	rock	hard rock	17
Yazoo	6	80s	new wave	Yazoo
Voodoo Glow Skulls	6	ska	ska punk	Voodoo Glow Skulls
Vladimir Cosma	6	Soundtrack	instrumental	Vladimir Cosma
Trevor Jones	6	Soundtrack	instrumental	Trevor Jones
The Gibson Brothers	6	Disco	80s	The Gibson Brothers
The Bouncing Souls	6	punk	punk rock	The Bouncing Souls
Supertramp	6	classic rock	Progressive rock	Supertramp
Sophie Ellis-Bextor	6	pop	dance	Sophie Ellis-Bextor
Sinsémilia	6	reggae	french	Sinsémilia
Sia	6	female vocalists	chillout	Sia
Shy M	6	french	rnb	Shy M
Sexion D Assaut	6	rap	french	Sexion D Assaut
Partenaire Particulier	6	new wave	synthpop	Partenaire Particulier
Nino Ferrer	6	french	chanson francaise	Nino Ferrer
Micky Green	6	pop	female vocalists	Micky Green
Marilyn Manson	6	industrial	industrial metal	Marilyn Manson
Manau	6	french	celtic	Manau
Magic System	6	african	french	Magic System
Logobi Gt	6	french	electronic	Logobi Gt
Les Aristocrates	6	french	60s	Les Aristocrates
Korn	6	Nu Metal	metal	Korn
Kendji Girac	6	french	latin	Kendji Girac
Kassav	6	zouk	creole	Kassav
Joe Cocker	6	classic rock	blues	Joe Cocker
Jean Michel Jarre	6	electronic	ambient	Jean Michel Jarre
Irene Cara	6	pop	80s	Irene Cara
Inxs	6	rock	80s	Inxs
Indeep	6	Disco	80s	Indeep
Incubus 	6	alternative rock	rock	Incubus 
Iggy Pop	6	punk	rock	Iggy Pop
Iam	6	Hip-Hop	french	Iam
Hermes House Band	6	dance	pop	Hermes House Band
Helmut Fritz	6	french	dance	Helmut Fritz
Gérard Blanchard	6	french	france	Gérard Blanchard
Gossip	6	indie	indie rock	Gossip
Gilbert Montagné	6	french	pop	Gilbert Montagné
Gazebo	6	80s	pop	Gazebo
Gala	6	dance	eurodance	Gala
François Feldman	6	french	pop	François Feldman
Frank Sinatra	6	jazz	swing	Frank Sinatra
Eruption	6	Disco	80s	Eruption
Elton John	6	pop	classic rock	Elton John
Earth  Wind & Fire	6	funk	soul	Earth  Wind & Fire
Dr  Alban	6	dance	eurodance	Dr  Alban
Diana Ross	6	soul	Disco	Diana Ross
Corynne Charby	6	french	pop	Corynne Charby
Cock Robin	6	80s	pop	Cock Robin
Black Box	6	dance	House	Black Box
Beyoncé	6	rnb	pop	Beyoncé
Anthrax	6	thrash metal	metal	Anthrax
Annie Cordy	6	chanson francaise	Belgium	Annie Cordy
Anastacia	6	pop	female vocalists	Anastacia
Amir	6	indie	alternative	Amir
Alain Chamfort	6	chanson francaise	french	Alain Chamfort
Adele	6	soul	female vocalists	Adele
Ace Of Base	6	pop	dance	Ace Of Base
William Baldé	5	reggae	chanson francaise	William Baldé
Whitney Houston	5	pop	female vocalists	Whitney Houston
The Rolling Stones	5	classic rock	rock	The Rolling Stones
The Pointer Sisters	5	Disco	80s	The Pointer Sisters
Sister Sledge	5	Disco	soul	Sister Sledge
Seal	5	soul	pop	Seal
Rod Stewart	5	classic rock	rock	Rod Stewart
Ricchi E Poveri	5	italian	pop	Ricchi E Poveri
Rage Against The Machine	5	rock	alternative rock	Rage Against The Machine
Pzk	5	people whose mothers i wish had health plans which included abortion	pop	Pzk
Pink Floyd	5	Progressive rock	classic rock	Pink Floyd
Parov Stelar	5	nu-jazz	electronic	Parov Stelar
Nicki Minaj	5	Hip-Hop	rap	Nicki Minaj
Nena	5	german	pop	Nena
Mylene Farmer	5	french	pop	Mylene Farmer
Modern Talking	5	80s	Disco	Modern Talking
Micropoint	5	hardcore	frenchcore	Micropoint
Marc Lavoine	5	french	chanson francaise	Marc Lavoine
John Williams	5	Soundtrack	Classical	John Williams
Jason Derulo	5	rnb	pop	Jason Derulo
Grégoire	5	french	pop	Grégoire
Far Too Loud	5	breakbeat	breaks	Far Too Loud
Dua Lipa	5	pop	electropop	Dua Lipa
Disturbed	5	metal	Nu Metal	Disturbed
Discobitch	5	french	electronic	Discobitch
Death By Stereo	5	hardcore	seen live	Death By Stereo
Céline Dion	5	pop	female vocalists	Céline Dion
Cerrone	5	Disco	House	Cerrone
Bonez Mc & Raf Camora	5	Hip-Hop	german	Bonez Mc & Raf Camora
Bb Brunes	5	french	rock	Bb Brunes
Alliance Ethnik	5	Hip-Hop	funk	Alliance Ethnik
Alabina	5	arabic	Gypsy	Alabina
Acdc	5	hard rock	classic rock	Acdc
Zz Top	4	classic rock	blues rock	Zz Top
Zouk Machine	4	zouk	caribbean	Zouk Machine
Zaho	4	french	rnb	Zaho
Willy William	4	pop	jamaican	Willy William
Will Smith	4	Hip-Hop	rap	Will Smith
Walk The Moon	4	indie rock	indie	Walk The Moon
Village People	4	Disco	pop	Village People
Union 13	4	punk	punk rock	Union 13
Umberto Tozzi	4	italian	pop	Umberto Tozzi
Tina Turner	4	pop	female vocalists	Tina Turner
Thierry Pastor	4	moustachu	80s	Thierry Pastor
Thierry Hazard	4	french	chanson francaise	Thierry Hazard
The White Stripes	4	rock	alternative	The White Stripes
The Whispers	4	soul	funk	The Whispers
The Offspring	4	punk rock	punk	The Offspring
The Business	4	Oi	punk	The Business
Tarkan	4	turkish	pop	Tarkan
Sugar Ray	4	rock	alternative	Sugar Ray
Star Academy 2	4	paris latino	female	Star Academy 2
St Germain	4	chillout	acid jazz	St Germain
Spiral Tribe	4	techno	tekno	Spiral Tribe
Spice Girls	4	pop	90s	Spice Girls
Spagna	4	80s	Disco	Spagna
Soul Ii Soul	4	soul	80s	Soul Ii Soul
Soldat Louis	4	french	celtic	Soldat Louis
Snfu	4	punk	punk rock	Snfu
Simian Mobile Disco	4	electronic	electro	Simian Mobile Disco
Shinedown	4	rock	hard rock	Shinedown
Sheryfa Luna	4	french	rnb	Sheryfa Luna
Scatman John	4	dance	90s	Scatman John
Santana	4	rock	classic rock	Santana
Rihanna	4	pop	rnb	Rihanna
Rick Astley	4	pop	80s	Rick Astley
Revolver	4	shoegaze	rock	Revolver
Powerwolf	4	Power metal	heavy metal	Powerwolf
Philippe Collin	4	france inter		Philippe Collin
Patrick Hernandez	4	Disco	70s	Patrick Hernandez
Osker	4	punk	punk rock	Osker
No Doubt	4	rock	pop	No Doubt
Nick Cave  The Bad Seeds	4	post-punk	rock	Nick Cave  The Bad Seeds
New Bomb Turks	4	punk	punk rock	New Bomb Turks
Mungo Jerry	4	classic rock	rock	Mungo Jerry
Moussier Tombola	4	french	dance	Moussier Tombola
Mirwais	4	electronic	trip-hop	Mirwais
Millencolin	4	punk rock	seen live	Millencolin
Mika	4	pop	british	Mika
Michel Sardou	4	chanson francaise	french	Michel Sardou
Michael Bublé	4	jazz	swing	Michael Bublé
Matt Bianco	4	jazz	Smooth Jazz	Matt Bianco
Mani	4	hip	hop	Mani
Lou Bega	4	pop	mambo	Lou Bega
Lorna	4	Reggaeton	dream pop	Lorna
Lorie	4	french	pop	Lorie
Les Jumo	4	french	Hip-Hop	Les Jumo
Le Grand Orchestre Du Splendid	4	french pop	french	Le Grand Orchestre Du Splendid
Larusso	4	french	female vocalists	Larusso
Laroche Valmont	4	french	80s	Laroche Valmont
La Bouche	4	eurodance	dance	La Bouche
L5	4	french	pop	L5
Kevin Lyttle	4	dancehall	reggae	Kevin Lyttle
Kaoma	4	latin	dance	Kaoma
Joe Dassin	4	french	chanson	Joe Dassin
Jet	4	rock	alternative	Jet
Jean-Jacques Goldman	4	french	chanson francaise	Jean-Jacques Goldman
Imany	4	soul	jazz	Imany
Hubert-Félix Thiéfaine	4	chanson francaise	french	Hubert-Félix Thiéfaine
Hot Water Music	4	punk	punk rock	Hot Water Music
Haddaway	4	dance	eurodance	Haddaway
Guttermouth	4	punk	punk rock	Guttermouth
George Benson	4	jazz	Smooth Jazz	George Benson
Extra	4	electronic	swedish	Extra
Elvis Crespo	4	merengue	latin	Elvis Crespo
Eisbrecher	4	industrial metal	industrial	Eisbrecher
Edward Maya	4	electronic	dance	Edward Maya
Edalam	4	reggae	dancehall	Edalam
Deep Purple	4	hard rock	classic rock	Deep Purple
Danny Elfman	4	Soundtrack	instrumental	Danny Elfman
Colonel Reyel	4	french	pop	Colonel Reyel
Cauet	4	french	humour	Cauet
Cartoon	4	Progressive rock	Avant-Prog	Cartoon
Carrapicho	4	brazil	folk	Carrapicho
Bob Sinclar	4	House	dance	Bob Sinclar
Billy Ze Kick Et Les Gamins En Folie	4	french	rock	Billy Ze Kick Et Les Gamins En Folie
Bellini	4	dance	math rock	Bellini
Aqua	4	pop	dance	Aqua
Alvaro Soler	4	pop	latin	Alvaro Soler
Alesha Dixon	4	pop	rnb	Alesha Dixon
A-Ha	4	80s	pop	A-Ha
19	4	j-pop	japanese	19
Zeke	3	punk	hardcore punk	Zeke
Zaz	3	jazz	french	Zaz
Zara Larsson	3	pop	swedish	Zara Larsson
Yolanda Be Cool Vs Dcup	3	electronic	dance	Yolanda Be Cool Vs Dcup
Yodelice	3	folk	french	Yodelice
Ycare	3	french	Chanson Française	Ycare
Yannick	3	french	hip hop	Yannick
Wisin	3	Reggaeton	black metal	Wisin
Who Made Who	3	seen live	electronic	Who Made Who
Whigfield	3	dance	eurodance	Whigfield
Vivien Savage	3	chanson	french	Vivien Savage
Vitaa	3	french	rnb	Vitaa
Varios	3	electronic	indie	Varios
Vanessa Da Mata	3	mpb	female vocalists	Vanessa Da Mata
Valerie Lagrange	3	french	chanson	Valerie Lagrange
Ub40  Chrissie Hynde	3	reggae	80s	Ub40  Chrissie Hynde
Tryo	3	reggae	french	Tryo
Tragedie	3	french	Hip-Hop	Tragedie
Toto	3	rock	classic rock	Toto
Tina Charles	3	Disco	70s	Tina Charles
Tim Tim	3	reggae	electronic	Tim Tim
Thelma Houston	3	Disco	soul	Thelma Houston
The Weather Girls	3	Disco	pop	The Weather Girls
The Specials	3	ska	two-tone	The Specials
The Rubettes	3	70s	pop	The Rubettes
The Ritchie Family	3	Disco	70s	The Ritchie Family
The Pussycat Dolls	3	pop	rnb	The Pussycat Dolls
The Prodigy	3	electronic	techno	The Prodigy
The Prince Karma	3	USA	House	The Prince Karma
The Michael Zager Band	3	Disco	70s	The Michael Zager Band
The Halo Effect	3	Melodic Death Metal	Swedish Metal	The Halo Effect
The Corrs	3	pop	irish	The Corrs
The Chemical Brothers	3	electronic	dance	The Chemical Brothers
The Brothers Johnson	3	funk	soul	The Brothers Johnson
The Blues Brothers	3	blues	rhythm and blues	The Blues Brothers
The Black Keys	3	blues rock	blues	The Black Keys
The Alan Parsons Project	3	Progressive rock	classic rock	The Alan Parsons Project
Terra Samba	3	samba	Axe	Terra Samba
Ten Foot Pole	3	punk rock	punk	Ten Foot Pole
Technotronic	3	dance	eurodance	Technotronic
Taylor Swift	3	country	pop	Taylor Swift
Taxi Girl	3	new wave	french	Taxi Girl
Talk Talk	3	new wave	post-rock	Talk Talk
Taio Cruz	3	rnb	pop	Taio Cruz
Tacabro	3	pop	electronic	Tacabro
Sylvester	3	Disco	funk	Sylvester
Survivor	3	rock	classic rock	Survivor
Strollad	3	ska	celtic ska	Strollad
String Color	3	french	pop	String Color
Straight Faced	3	hardcore	punk	Straight Faced
Sting	3	rock	pop	Sting
Special D	3	dance	trance	Special D
Sparks	3	new wave	glam rock	Sparks
Spankers	3	club	House	Spankers
Souf	3	france		Souf
Soprano	3	french	rap	Soprano
Sonia Lacen	3	female vocalists	french	Sonia Lacen
Singuila	3	french	rap	Singuila
Silver Pozzoli	3	Italo Disco	80s	Silver Pozzoli
Silver Convention	3	Disco	70s	Silver Convention
Shivaree	3	female vocalists	indie	Shivaree
Shift K3Y	3	House	british	Shift K3Y
Sheila	3	french	ye-ye	Sheila
Shawn Mendes	3	pop	Canadian	Shawn Mendes
Shaun Baker	3	dance	trance	Shaun Baker
Shakira  Wyclef Jean	3	NL	Hips dont lie	Shakira  Wyclef Jean
Serge Beynaud	3	africa	under 2000 listeners	Serge Beynaud
Serdar Ortaç	3	turkish	Turkish Pop	Serdar Ortaç
Sentidos Opuestos	3	Sentidos Opuestos	pop	Sentidos Opuestos
Selena	3	latin	pop	Selena
Selah Sue	3	soul	female vocalists	Selah Sue
Sebastian Yatra	3	Colombia	seen live	Sebastian Yatra
Scooter	3	techno	dance	Scooter
Santa Esmeralda	3	Disco	latin	Santa Esmeralda
Sandra	3	80s	pop	Sandra
Samantha Fox	3	80s	pop	Samantha Fox
Sam Smith	3	soul	pop	Sam Smith
Salomé De Bahia	3	latin	House	Salomé De Bahia
Sacha Distel	3	chanson francaise	french	Sacha Distel
Sabrina	3	80s	female vocalists	Sabrina
Rupee	3	soca	dancehall	Rupee
Roger Hodgson	3	Progressive rock	classic rock	Roger Hodgson
Robin Gibb	3	pop	80s	Robin Gibb
Robert Farel	3	french	pop	Robert Farel
Robbie Nevil	3	80s	pop	Robbie Nevil
Rixton	3	pop	british	Rixton
Rita Mitsouko	3	french	rock	Rita Mitsouko
Rika Zarai	3	60s	female	Rika Zarai
Righeira	3	80s	Italo Disco	Righeira
Ridsa	3	french	french hip-hop	Ridsa
Rick James	3	funk	soul	Rick James
René La Taupe	3	emo	sexy	René La Taupe
Renaud	3	chanson francaise	french	Renaud
Refused	3	hardcore	punk	Refused
R I O	3	House	electronic	R I O
Punk Covers	3	punk	punk rock	Punk Covers
Psy	3	k-pop	Korean	Psy
Pony Pony Run Run	3	french	electronica	Pony Pony Run Run
Polo & Pan	3	electronic	french	Polo & Pan
Play & Win	3	dance	House	Play & Win
Pin-Occhio	3	techno	eurodance	Pin-Occhio
Philippe Lavil	3	french	60s	Philippe Lavil
Peter Tosh	3	reggae	roots reggae	Peter Tosh
Pet Shop Boys	3	synthpop	80s	Pet Shop Boys
Perle Lama	3	zouk	female vocalists	Perle Lama
Paul Mccartney  Michael Jackson	3	pop	80s	Paul Mccartney  Michael Jackson
Patrick Zabé	3	canada	Canadian	Patrick Zabé
Patricia Kaas	3	french	female vocalists	Patricia Kaas
P-Square	3	nigeria	naija	P-Square
P Nk	3	pop	female vocalists	P Nk
Outkast	3	Hip-Hop	rap	Outkast
Orchestral Manoeuvres In The Dark	3	new wave	80s	Orchestral Manoeuvres In The Dark
Opus	3	80s	rock	Opus
Ophélie Winter	3	french	pop	Ophélie Winter
Omi	3	reggae	electronic	Omi
Olivier Dion	3	pop	french	Olivier Dion
Offspring	3	punk rock	punk	Offspring
Oasis	3	britpop	rock	Oasis
No One Is Innocent	3	rock	french	No One Is Innocent
Nina Simone	3	jazz	soul	Nina Simone
Nik Kershaw	3	80s	pop	Nik Kershaw
Nicole Scherzinger	3	pop	rnb	Nicole Scherzinger
Nayer	3	dance	pop	Nayer
Navii	3	french	pop	Navii
Najoua Belyzel	3	french	pop	Najoua Belyzel
Mr  Probz	3	Hip-Hop	dutch	Mr  Probz
Mr  President	3	eurodance	dance	Mr  President
Motivés	3	chanson francaise	alternative	Motivés
Misterwives	3	indie	pop	Misterwives
Minou	3	pop	under 2000 listeners	Minou
Miike Snow	3	electronic	electropop	Miike Snow
Michel Polnareff	3	french	chanson francaise	Michel Polnareff
Michel Jonasz	3	chanson francaise	french	Michel Jonasz
Michel Fugain & Le Big Bazar	3	chanson francaise	french	Michel Fugain & Le Big Bazar
Michael Murphy	3	country	singer-songwriter	Michael Murphy
Mhd	3	french	afro trap	Mhd
Medhy Custos	3	zouk	caribbean	Medhy Custos
Mc Miker & Dj Sven	3	Hip-Hop	dutch	Mc Miker & Dj Sven
Mc Hammer	3	Hip-Hop	rap	Mc Hammer
Maxx	3	eurodance	90s	Maxx
Marvin	3	seen live	noise	Marvin
Martine St-Clair	3	female vocalists	canada	Martine St-Clair
Martin Circus	3	french	rock	Martin Circus
Marina Kaye	3	pop	french	Marina Kaye
Marie Dauphin	3	french	female vocals	Marie Dauphin
Maria Rita	3	mpb	female vocalists	Maria Rita
Marcus Collins	3	pop	british	Marcus Collins
Marcos Valle	3	Bossa Nova	brazilian	Marcos Valle
Marc Kiss	3	trance	electronic	Marc Kiss
Manu Dibango	3	afrobeat	african	Manu Dibango
Maluma	3	mierda	Brutal Death Metal	Maluma
Makassy	3	french	world	Makassy
M People	3	pop	dance	M People
M 	3	french	pop	M 
Léa Castel	3	french	female vocalists	Léa Castel
Lucenzo  Don Omar	3	Reggaeton	latin	Lucenzo  Don Omar
Loveless	3	japanese	anime	Loveless
Louane	3	pop	french	Louane
Los Lobos	3	latin	rock	Los Lobos
Los Del Sol	3	pop	dance	Los Del Sol
Locko	3	hip hop	pop	Locko
Lkm	3	world	latin	Lkm
Limahl	3	80s	pop	Limahl
Level 42	3	80s	pop	Level 42
Les Vagabonds	3	seen live	french 60s	Les Vagabonds
Les Musclés	3	culte	french	Les Musclés
Les Innocents	3	french	chanson francaise	Les Innocents
Les Coco Girls	3	french	girl group	Les Coco Girls
Les Charlots	3	french	humour	Les Charlots
Leo Sayer	3	pop	70s	Leo Sayer
Led Zeppelin	3	classic rock	rock	Led Zeppelin
Lazer	3	metal	electronic	Lazer
Laurent Voulzy	3	chanson francaise	french	Laurent Voulzy
Laurent Gerra	3	humour	sarkozy	Laurent Gerra
Laura Branigan	3	80s	pop	Laura Branigan
La Femme	3	new wave	french	La Femme
La Bionda	3	Disco	80s	La Bionda
La Bande À Basile	3	french	pop	La Bande À Basile
Kymai	3	dancehall	reggae	Kymai
Koxie	3	french	pop	Koxie
Kobojsarna	3	swedish	dance	Kobojsarna
Klingande	3	House	electronic	Klingande
Kiss	3	hard rock	classic rock	Kiss
Kim Wilde	3	80s	pop	Kim Wilde
Khaled	3	arabic	rai	Khaled
Kesha	3	pop	dance	Kesha
Keedz	3	electro	french	Keedz
Keblack	3	french	africa	Keblack
Kc And The Sunshine Band	3	Disco	funk	Kc And The Sunshine Band
Kc & The Sunshine Band	3	Disco	funk	Kc & The Sunshine Band
Katy Perry	3	pop	female vocalists	Katy Perry
Karen Young	3	Disco	funk	Karen Young
Karen Cheryl	3	french	Wilson Seixas	Karen Cheryl
Justin Bieber	3	pop	black metal	Justin Bieber
Julien Doré	3	french	rock	Julien Doré
Julian Perretta	3	pop	british	Julian Perretta
Jul	3	Hip-Hop	fragile	Jul
Jive Bunny And The Mastermixers	3	jive	pop	Jive Bunny And The Mastermixers
Jimmy Cliff	3	reggae	ska	Jimmy Cliff
Jessy Matador	3	dance	french	Jessy Matador
Jennifer Lopez  Pitbull	3	pop	latin	Jennifer Lopez  Pitbull
Jena Lee	3	french	rnb	Jena Lee
Jeff Mills	3	techno	detroit techno	Jeff Mills
Jean-Patrick Capdevielle	3	french	opera	Jean-Patrick Capdevielle
Jean-Pascal	3	female vocalists	Gay Metal	Jean-Pascal
Jean-Luc Lahaye	3	french	francais	Jean-Luc Lahaye
Jean Schultheis	3	Chanson Française	french	Jean Schultheis
Jakie Quartz	3	french	pop	Jakie Quartz
Jain	3	pop	french	Jain
Jackie Quartz	3	french	pop	Jackie Quartz
J Balvin	3	mierda	Brutal Death Metal	J Balvin
Iyanya	3	nigeria	nigerian	Iyanya
Ivete Sangalo	3	Axe	mpb	Ivete Sangalo
Inna Modja	3	pop	female vocalists	Inna Modja
Ilona Mitrecey	3	french	pop	Ilona Mitrecey
Ill Nino	3	Nu Metal	metal	Ill Nino
Ice Mc	3	eurodance	dance	Ice Mc
I Against I	3	punk	punk rock	I Against I
Hues Corporation	3	Disco	soul	Hues Corporation
Hiro	3	screamo	j-pop	Hiro
Heideroosjes	3	seen live	punk	Heideroosjes
Havana Delirio	3	dance	cubano	Havana Delirio
Halestorm	3	hard rock	female vocalists	Halestorm
H2O	3	hardcore	melodic hardcore	H2O
H Magnum	3	world	latin	H Magnum
Gérard Blanc	3	80s	chanson francaise	Gérard Blanc
Guillaume Grand	3	french	singer-songwriter	Guillaume Grand
Grupo Extra	3	latin pop	bachata	Grupo Extra
Grand Jojo	3	belgique	chanson francaise	Grand Jojo
Godsmack	3	hard rock	metal	Godsmack
Global Deejays	3	dance	House	Global Deejays
Ghost	3	heavy metal	Psychedelic Rock	Ghost
Geronimo	3	experimental	noise	Geronimo
George Mccrae	3	Disco	soul	George Mccrae
Gas Huffer	3	punk	Garage Punk	Gas Huffer
Garou	3	french	male vocalists	Garou
Fumiya Tanaka	3	techno	minimal	Fumiya Tanaka
Fréro Delavega	3	pop	french	Fréro Delavega
Frog Leap Studios	3	seen live		Frog Leap Studios
Franko	3	pop	alternative rock	Franko
Francesco Napoli	3	Disco	Italo Disco	Francesco Napoli
Fly Project	3	dance	Romanian	Fly Project
Fleetwood Mac	3	classic rock	rock	Fleetwood Mac
Feid	3	Reggaeton	Colombia	Feid
Fatal Bazooka	3	french	Hip-Hop	Fatal Bazooka
Fat Larry S Band	3	funk	soul	Fat Larry S Band
Farruko	3	Reggaeton	Puerto Rican	Farruko
Farandula Boys	3	world	latin	Farandula Boys
Fabyan & Juanmi	3	world	latin	Fabyan & Juanmi
Fababy	3	Hip-Hop	rap	Fababy
Evelyn Thomas	3	Disco	80s	Evelyn Thomas
Europe	3	hard rock	rock	Europe
Eloquence & Kayliah	3	spotify		Eloquence & Kayliah
Elli Medeiros	3	french	female vocalists	Elli Medeiros
Elephanz	3	french	pop	Elephanz
Electric Light Orchestra	3	classic rock	Progressive rock	Electric Light Orchestra
Eiffel 65	3	dance	electronic	Eiffel 65
Eddy Grant	3	reggae	80s	Eddy Grant
Eagles	3	classic rock	rock	Eagles
Début De Soirée	3	french	pop	Début De Soirée
Dwarves	3	punk	punk rock	Dwarves
Down By Law	3	punk	punk rock	Down By Law
Dnce	3	pop	pop rock	Dnce
Djany	3	france	Hip-Hop	Djany
Dj Bobo	3	dance	eurodance	Dj Bobo
Division Of Laura Lee	3	seen live	swedish	Division Of Laura Lee
Divan	3	electronic	Reggaeton	Divan
Dire Straits	3	classic rock	rock	Dire Straits
Desireless	3	80s	new wave	Desireless
David Tavare	3	dance	House	David Tavare
David Martial	3	zouk	Martinique	David Martial
Dave	3	rap	Grime	Dave
Daddy Dj	3	dance	electronic	Daddy Dj
Culture Beat	3	eurodance	dance	Culture Beat
Cris Cab	3	reggae	pop	Cris Cab
Creedence Clearwater Revival	3	classic rock	rock	Creedence Clearwater Revival
Color Me Badd	3	90s	rnb	Color Me Badd
Coeur De Pirate	3	french	indie	Coeur De Pirate
Clubstone	3	electronic	electronica	Clubstone
Claude Nougaro	3	chanson francaise	jazz	Claude Nougaro
Cidinho & Doca	3	baile funk	Hip-Hop	Cidinho & Doca
Christine And The Queens	3	french	pop	Christine And The Queens
Chocolat S	3	funk	Disco	Chocolat S
Children Of Bodom	3	Melodic Death Metal	metal	Children Of Bodom
Chawki	3	morocco	moroccan	Chawki
Charly Black	3	dancehall	jamaica	Charly Black
Chagrin D Amour	3	french	pop	Chagrin D Amour
Captain Sensible	3	new wave	80s	Captain Sensible
Captain Hollywood Project	3	eurodance	dance	Captain Hollywood Project
Candy	3	hardcore	metalcore	Candy
Calogero  Passi	3	french	chanson francaise	Calogero  Passi
C2C	3	turntablism	Hip-Hop	C2C
Bénabar	3	french	chanson francaise	Bénabar
Brigitte Bardot	3	french	60s	Brigitte Bardot
Brick & Lace	3	rnb	dancehall	Brick & Lace
Boys Town Gang	3	Disco	80s	Boys Town Gang
Boule Noire	3	Disco	funk	Boule Noire
Boostee	3	french pop	french	Boostee
Bon Jovi	3	rock	hard rock	Bon Jovi
Bob Dylan	3	folk	singer-songwriter	Bob Dylan
Bill Haley & His Comets	3	rockabilly	Rock and Roll	Bill Haley & His Comets
Big Soul	3	rock	funk	Big Soul
Best Of Hits	3	dance	pop	Best Of Hits
Bernard Minet	3	french	hard rock	Bernard Minet
Bernard Menez	3	french	chanson francaise	Bernard Menez
Benny Benassi	3	electronic	House	Benny Benassi
Benjamin Braxton	3	dance	electronic	Benjamin Braxton
Ben L Oncle Soul	3	soul	french	Ben L Oncle Soul
Beatsteaks	3	seen live	rock	Beatsteaks
Basshunter	3	dance	electronic	Basshunter
Barry Manilow	3	pop	easy listening	Barry Manilow
Baltimora	3	80s	new wave	Baltimora
Babylon Zoo	3	rock	electronic	Babylon Zoo
Axel Red	3	french	female vocalists	Axel Red
Axel Bauer	3	french	rock	Axel Bauer
Argerich	3	Classical	piano	Argerich
Anti-Flag	3	punk	punk rock	Anti-Flag
Anna	3	minimal	minimal techno	Anna
Animals	3	rock	blues rock	Animals
Angerfist	3	hardcore	Gabber	Angerfist
Amy Winehouse	3	soul	jazz	Amy Winehouse
Amine	3	rnb	french	Amine
Amii Stewart	3	Disco	70s	Amii Stewart
Alpha Blondy	3	reggae	roots reggae	Alpha Blondy
Alonzo	3	Hip-Hop	french hip-hop	Alonzo
All	3	punk	punk rock	All
Alain Bashung	3	french	chanson francaise	Alain Bashung
Al Wilson	3	soul	northern soul	Al Wilson
African Connection	3	french	african	African Connection
98 Mute	3	punk	punk rock	98 Mute
2 Unlimited	3	eurodance	dance	2 Unlimited
Zongamin	2	electronic	japanese	Zongamin
Yellowman	2	reggae	dancehall	Yellowman
Xmh	2	dark electro	ebm	Xmh
Wincent Weiss	2	pop	seen live	Wincent Weiss
Wayne Kramer	2	rock	punk	Wayne Kramer
Voyage	2	Disco	70s	Voyage
Vivaldi	2	Classical	baroque	Vivaldi
Various Artist	2	electronic	indie	Various Artist
Vanessa Paradis & Sean Lennon	2	pop		Vanessa Paradis & Sean Lennon
Van Halen	2	hard rock	classic rock	Van Halen
Umek	2	techno	minimal	Umek
Télépopmusik	2	electronic	chillout	Télépopmusik
Trois Cafés Gourmands	2	french	france	Trois Cafés Gourmands
Trivium	2	metalcore	thrash metal	Trivium
Tove Lo	2	pop	swedish	Tove Lo
Tom Waits	2	blues	singer-songwriter	Tom Waits
Tom Mcrae	2	singer-songwriter	seen live	Tom Mcrae
Toby Love	2	bachata	latin	Toby Love
Tim Deluxe	2	House	dance	Tim Deluxe
Tiger Army	2	psychobilly	punk	Tiger Army
Tiesto	2	trance	electronic	Tiesto
The Who	2	classic rock	rock	The Who
The Trashmen	2	surf rock	Garage Rock	The Trashmen
The Stooges	2	punk	proto-punk	The Stooges
The Rivera Project	2	favorites	House	The Rivera Project
The Power	2	experimental		The Power
The Kinks	2	classic rock	60s	The Kinks
The Kid Laroi	2	rap	emo rap	The Kid Laroi
The Jacksons	2	soul	pop	The Jacksons
The Doobie Brothers	2	classic rock	rock	The Doobie Brothers
The Casualties	2	punk	street punk	The Casualties
The Avener	2	electronic	House	The Avener
The Animals	2	classic rock	60s	The Animals
Tasmin Archer	2	pop	female vocalists	Tasmin Archer
Tanto Metro & Devonte	2	dancehall	reggae	Tanto Metro & Devonte
Talina	2	zouk	french	Talina
Tal	2	pop	french	Tal
Sylvie Vartan	2	french	ye-ye	Sylvie Vartan
Stéphanie	2	pop	80s	Stéphanie
Stereoact	2	pop	german	Stereoact
Steppenwolf	2	classic rock	rock	Steppenwolf
Starsailor	2	indie	britpop	Starsailor
Square One	2	soca	Hip-Hop	Square One
Sonia & Selena	2	latin	pop	Sonia & Selena
Skunk Anansie	2	rock	alternative rock	Skunk Anansie
Skillet	2	christian rock	alternative rock	Skillet
Skarface	2	ska	french	Skarface
Skameleon	2	ska	covers	Skameleon
Ska-P	2	ska	ska punk	Ska-P
Sister Nancy	2	reggae	dancehall	Sister Nancy
Signal Aout 42	2	ebm	Old school EBM	Signal Aout 42
Sigala	2	dance	House	Sigala
Shola Ama	2	soul	rnb	Shola Ama
Sheryl Crow	2	female vocalists	rock	Sheryl Crow
Shakira Shakira	2	pop	latin	Shakira Shakira
Series Tv	2	tv	caja tonta	Series Tv
Seo Fernandez	2	salsa	world	Seo Fernandez
Sanseverino	2	french	chanson francaise	Sanseverino
Sam & Dave	2	soul	rhythm and blues	Sam & Dave
Salif Keita	2	african	mali	Salif Keita
Saint Germain Lounge	2	electronica		Saint Germain Lounge
S Express	2	dance	House	S Express
Run-Dmc	2	Hip-Hop	rap	Run-Dmc
Rockwell	2	Drum and bass	80s	Rockwell
Roberto Ciotti	2	blues	italian	Roberto Ciotti
Robbie Williams	2	pop	britpop	Robbie Williams
Rise Against	2	punk rock	punk	Rise Against
Regglyss	2	french	french reggae	Regglyss
Real Joy	2	french	female	Real Joy
Randy	2	seen live	punk rock	Randy
Raised Fist	2	hardcore	seen live	Raised Fist
Raffaella Carrà	2	italian	pop	Raffaella Carrà
Raf	2	italian	pop	Raf
Rae Sremmurd	2	Hip-Hop	rap	Rae Sremmurd
Rachid Taha	2	arabic	rai	Rachid Taha
Quicksand	2	post-hardcore	alternative rock	Quicksand
Punk Ska Covers	2	ska	punk	Punk Ska Covers
Pro7	2	electro	House	Pro7
Prince Royce	2	bachata	mierda	Prince Royce
Prince Ringard	2	punk	chanson	Prince Ringard
Pow Wow	2	french	vocal	Pow Wow
Plan B	2	Hip-Hop	british	Plan B
Pixies 	2	alternative	indie	Pixies 
Peter & Sloane	2	chanson francaise	80s	Peter & Sloane
Paul Simon	2	singer-songwriter	folk	Paul Simon
Patrick Sébastien	2	france	Variete francaise	Patrick Sébastien
Patrick Saint Eloi	2	zouk	zouklove	Patrick Saint Eloi
Patrick Coutin	2	french	chanson	Patrick Coutin
Papi Sanchez	2	latin	merengue	Papi Sanchez
Papa Ap	2	Reggaeton	Hip-Hop	Papa Ap
Page And Plant	2	classic rock	rock	Page And Plant
Omega	2	Progressive rock	classic rock	Omega
Ofenbach & Nick Waterhouse	2	dance-pop	deep house	Ofenbach & Nick Waterhouse
Nomads	2	post-rock	hardcore	Nomads
No Resolve	2	modern rock	alternative rock	No Resolve
Njie	2	njie	Martinique	Njie
Niels Van Gogh	2	trance	dance	Niels Van Gogh
Nick Jonas	2	pop	pop rock	Nick Jonas
Nick Cave & Tom Waits & The Bad Seeds	2	blues	singer-songwriter	Nick Cave & Tom Waits & The Bad Seeds
News	2	j-pop	Johnnys entertainment	News
New Model Army	2	post-punk	seen live	New Model Army
Ne-Yo	2	rnb	soul	Ne-Yo
Nada Surf	2	indie	seen live	Nada Surf
Motion City Soundtrack	2	seen live	pop punk	Motion City Soundtrack
Michael Chacon	2	pop	cuba	Michael Chacon
Mgmt	2	electronic	indie	Mgmt
Mc Miker G & Dj Sven	2	Hip-Hop	dutch	Mc Miker G & Dj Sven
Matchbook Romance	2	emo	rock	Matchbook Romance
Mastodon	2	Progressive metal	metal	Mastodon
Master Kg	2	House	dance	Master Kg
Mark Snow	2	Soundtrack	instrumental	Mark Snow
Marcel Et Son Orchestre	2	ska	french	Marcel Et Son Orchestre
Maneskin	2	italian	indie	Maneskin
Madball	2	hardcore	nyhc	Madball
Lynyrd Skynyrd	2	classic rock	Southern Rock	Lynyrd Skynyrd
Lucenzo	2	dance	rnb	Lucenzo
Louis Amstrong	2	jazz	blues	Louis Amstrong
Lou Reed	2	rock	classic rock	Lou Reed
Los Machucambos	2	latin	musica latina	Los Machucambos
Lorenz	2	zouk	rock	Lorenz
Lord Kossity	2	dancehall	french	Lord Kossity
Lmfao Feat Lauren Bennett & Goonrock	2	electronic	Hip-Hop	Lmfao Feat Lauren Bennett & Goonrock
Live	2	rock	alternative rock	Live
Lionel Leroy	2	Soundtrack	good	Lionel Leroy
Limp Bizkit	2	Nu Metal	rapcore	Limp Bizkit
Life Of Agony	2	metal	seen live	Life Of Agony
Less Than Jake	2	ska	seen live	Less Than Jake
Les Wriggles	2	chanson francaise	french	Les Wriggles
Les Visiteurs	2	culte	humour	Les Visiteurs
Les Ramoneurs De Menhirs	2	punk	celtic	Les Ramoneurs De Menhirs
Les Petits Pilous	2	electro	french	Les Petits Pilous
Les Négresses Vertes	2	french	world	Les Négresses Vertes
Les Mini-Stars	2	french	pop	Les Mini-Stars
Latino Dance Party	2	latino		Latino Dance Party
La Medicina	2	chile		La Medicina
La Harissa	2	Hip-Hop	rap	La Harissa
La Banda Gorda	2	merengue	latin	La Banda Gorda
Kylie Minogue	2	pop	dance	Kylie Minogue
Kungs	2	House	french	Kungs
Kris Kross	2	Hip-Hop	rap	Kris Kross
Kontrust	2	crossover	Nu Metal	Kontrust
Koffi Olomide	2	soukous	african	Koffi Olomide
Koffee	2	reggae	dancehall	Koffee
Klaus Badelt	2	Soundtrack	instrumental	Klaus Badelt
Kiss 	2	hard rock	classic rock	Kiss 
Kid Ink	2	Hip-Hop	rap	Kid Ink
Kavinsky	2	electronic	electro	Kavinsky
Kalash	2	dancehall	Hip-Hop	Kalash
K-Maro	2	Hip-Hop	rnb	K-Maro
Juliet	2	electronic	dance	Juliet
Julie Piétri	2	chanson	jazz	Julie Piétri
Judas Priest	2	heavy metal	metal	Judas Priest
Jon Pardi	2	country	seen live	Jon Pardi
John Legend	2	soul	rnb	John Legend
John Barry	2	Soundtrack	instrumental	John Barry
Jimmy Hendrix	2	classic rock	rock	Jimmy Hendrix
Jim K	2	All		Jim K
Jessie J	2	pop	british	Jessie J
Jean-Marie Ragald	2	zouk	Martinique	Jean-Marie Ragald
Jean-Claude Corbel	2	french	80s	Jean-Claude Corbel
Jay Chris	2	latin	Reggaeton	Jay Chris
Héctor Y Tito	2	Reggaeton	hector y tito	Héctor Y Tito
House Of Pain	2	Hip-Hop	rap	House Of Pain
Heart	2	classic rock	rock	Heart
Grégory Lemarchal	2	french	pop	Grégory Lemarchal
Green Day	2	punk rock	rock	Green Day
Great Metal Covers Vol04	2	black metal	billy idol cover	Great Metal Covers Vol04
Graveyard	2	Stoner Rock	Psychedelic Rock	Graveyard
Frankie Goes To Hollywood	2	80s	new wave	Frankie Goes To Hollywood
Florent Pagny	2	chanson francaise	french	Florent Pagny
Fifth Harmony	2	pop	female vocalists	Fifth Harmony
Faudel	2	rai	arabic	Faudel
Fats Waller	2	jazz	swing	Fats Waller
Etta James	2	blues	jazz	Etta James
Etienne Daho Et Dany	2	french	pop	Etienne Daho Et Dany
Error	2	industrial	digital hardcore	Error
Era	2	new age	ambient	Era
Ennio Morricone	2	Soundtrack	instrumental	Ennio Morricone
Emmanuel Moire	2	french	pop	Emmanuel Moire
El-A-Kru	2	soca	female vocalist	El-A-Kru
El A Kru	2	soca	female vocalist	El A Kru
Edwyn Collins	2	rock	Scottish	Edwyn Collins
Duck Sauce	2	House	electronic	Duck Sauce
Drake	2	Hip-Hop	rap	Drake
Don Omar	2	Reggaeton	latin	Don Omar
Doja Cat	2	pop	rnb	Doja Cat
Djedjotronic	2	electronic	electro	Djedjotronic
Dj Kenny	2	dancehall	ragga	Dj Kenny
Dj Jeff	2	House	Progressive House	Dj Jeff
Dj Deen	2	trance	dance	Dj Deen
Dj  Dero	2	techno	electronica	Dj  Dero
Dilemn	2	electro	breakbeat	Dilemn
Die Toten Hosen	2	punk rock	german	Die Toten Hosen
Diamond Platnumz	2	tanzanian	tanzania	Diamond Platnumz
Deviates	2	punk rock	punk	Deviates
Descendents	2	punk	punk rock	Descendents
Deorro	2	House	dance	Deorro
Deep Forest	2	new age	ambient	Deep Forest
Decibel	2	punk	new wave	Decibel
Dawn Penn	2	reggae	dancehall	Dawn Penn
David Shire	2	Soundtrack	Disco	David Shire
David Guetta Feat  Estelle	2	House	dance	David Guetta Feat  Estelle
Daughtry	2	rock	alternative rock	Daughtry
Daft Punk & Paul Williams	2	electronic	House	Daft Punk & Paul Williams
Cycle	2	electronic	indie	Cycle
Cure	2	post-punk	new wave	Cure
Corneille	2	french	rnb	Corneille
Clutch	2	Stoner Rock	hard rock	Clutch
Clash	2	punk	punk rock	Clash
Clara Luciani	2	french	synthpop	Clara Luciani
Ckay	2	rnb	afrobeat	Ckay
Choum	2	humour	Parodies	Choum
Chico Del Mar	2	House	ambient	Chico Del Mar
Chico Buarque	2	mpb	Bossa Nova	Chico Buarque
Canned Heat	2	blues rock	blues	Canned Heat
Calypso Rose	2	calypso	soca	Calypso Rose
Calvin Harris	2	electronic	dance	Calvin Harris
Café Del Mar	2	chillout	lounge	Café Del Mar
Bwa Bandé	2	zouk		Bwa Bandé
Busy Signal	2	dancehall	reggae	Busy Signal
Busy P	2	electro	electronic	Busy P
Bso	2	Soundtrack	ost	Bso
Bryan Adams	2	rock	classic rock	Bryan Adams
Bruce Springsteen	2	rock	classic rock	Bruce Springsteen
Brian Adams	2	rock	classic rock	Brian Adams
Bratisla Boys	2	french	humour	Bratisla Boys
Boris	2	drone	Stoner Rock	Boris
Bombshell Rocks	2	punk rock	punk	Bombshell Rocks
Blur	2	britpop	rock	Blur
Black Sabbath	2	heavy metal	hard rock	Black Sabbath
Black	2	80s	pop	Black
Billy Ze Kick	2	french	rock	Billy Ze Kick
Big Sean	2	Hip-Hop	rap	Big Sean
Beyoncé & Shakira	2	Shakira	rnb	Beyoncé & Shakira
Berurier Noir	2	punk	french	Berurier Noir
Benny Hill	2	comedy	Brutal Death Metal with Nordic Influence and guest vocalist satan	Benny Hill
Bandolero	2	80s	Psychedelic Rock	Bandolero
Bad Moon Rising	2	hard rock	heavy metal	Bad Moon Rising
Axelle Red	2	french	female vocalists	Axelle Red
Atmosphere	2	Hip-Hop	underground hip-hop	Atmosphere
Ariana Grande	2	pop	rnb	Ariana Grande
Aretha Franklin	2	soul	female vocalists	Aretha Franklin
Andy Williams	2	oldies	60s	Andy Williams
Andre Verchuren	2	Accordeon	musette	Andre Verchuren
Alkilados	2	Reggaeton	Colombia	Alkilados
Alignment	2	techno	hard techno	Alignment
Alice Cooper	2	hard rock	classic rock	Alice Cooper
Alex Ferrari	2	dance	sertanejo	Alex Ferrari
Alessia Cara	2	pop	soul	Alessia Cara
Alan Walker	2	electronic	House	Alan Walker
After 7	2	rnb	90s	After 7
Afro B	2	UK	british	Afro B
Africando All Stars	2	salsa	african salsa	Africando All Stars
Aerosmith	2	rock	classic rock	Aerosmith
Admiral T	2	dancehall	ragga	Admiral T
A Forest	2	black metal	italian	A Forest
1208	2	punk rock	punk	1208
Zuna	1	rap	Hip-Hop	Zuna
Zucchero	1	italian	rock	Zucchero
Zombie Nation	1	electronic	techno	Zombie Nation
Zen Guerrilla	1	Garage Rock	rock	Zen Guerrilla
Zayn & Taylor Swift	1	ns pop	alt-right	Zayn & Taylor Swift
Zac Brown Band	1	country	modern country	Zac Brown Band
Yvonne Elliman	1	Disco	female vocalists	Yvonne Elliman
Yvonne Catterfeld	1	german	pop	Yvonne Catterfeld
Yves Larock	1	House	dance	Yves Larock
Yuri Da Cunha	1	angola	Semba	Yuri Da Cunha
Yuri Buenaventura	1	salsa	latin	Yuri Buenaventura
Yemi Alade	1	afrobeats	nigeria	Yemi Alade
Yelle	1	french	electronic	Yelle
Xtc	1	new wave	post-punk	Xtc
Wings	1	classic rock	rock	Wings
Willy Denzey	1	rnb	Hip-Hop	Willy Denzey
Wild Cherry	1	funk	Disco	Wild Cherry
Who	1	classic rock	rock	Who
Whitesnake	1	hard rock	classic rock	Whitesnake
Wes	1	african	World Music	Wes
Wayne Wonder	1	reggae	dancehall	Wayne Wonder
Wasp	1	heavy metal	hard rock	Wasp
Walls Of Jericho	1	hardcore	metalcore	Walls Of Jericho
Wale	1	Hip-Hop	rap	Wale
Wagner	1	Classical	opera	Wagner
Vonda Shepard	1	female vocalists	pop	Vonda Shepard
Void	1	hardcore punk	hardcore	Void
Vitalic	1	electronic	electro	Vitalic
Vision	1	hardcore	punk	Vision
Video	1	polish	pop rock	Video
Vice	1	hard rock	hardcore	Vice
Veerus	1	Hip-Hop	techno	Veerus
Vanilla Ice	1	rap	Hip-Hop	Vanilla Ice
Vanessa Paradis	1	french	female vocalists	Vanessa Paradis
Vance Joy	1	folk	indie	Vance Joy
Van Morrison	1	classic rock	singer-songwriter	Van Morrison
Vadel	1	indie rock	contemporary r&b	Vadel
Va	1	electronic	indie	Va
Usher	1	rnb	Hip-Hop	Usher
Unknown Ska Cover	1	rock		Unknown Ska Cover
Undisputed Attitude	1	hardcore	italian	Undisputed Attitude
Undeclinable Ambuscade	1	seen live	punk rock	Undeclinable Ambuscade
Uncle Kracker	1	rock	pop	Uncle Kracker
Ultra Vomit	1	grindcore	death metal	Ultra Vomit
Ultra Naté	1	House	dance	Ultra Naté
Ugly Kid Joe	1	hard rock	rock	Ugly Kid Joe
Ub 40 & Pretenders	1	reggae	80s	Ub 40 & Pretenders
U2 With Arcade Fire	1	cover	rock	U2 With Arcade Fire
U2 & Rem	1	rock	pop	U2 & Rem
Tyler Farr	1	country	new country	Tyler Farr
Tv Theme	1	Soundtrack	theme songs	Tv Theme
Tuxedomoon	1	post-punk	experimental	Tuxedomoon
Turbonegro	1	seen live	death punk	Turbonegro
Tribute To Black Sabbath	1	heavy metal	metal	Tribute To Black Sabbath
Travis	1	britpop	indie	Travis
Transplants	1	punk	punk rock	Transplants
Tragédie	1	french	Hip-Hop	Tragédie
Traditional	1	folk	traditional	Traditional
Tracy Chapman	1	female vocalists	singer-songwriter	Tracy Chapman
Total Chaos	1	punk	street punk	Total Chaos
Tori Amos	1	female vocalists	singer-songwriter	Tori Amos
Topic	1	Hip-Hop	rap	Topic
Toofan	1	togo	soukous	Toofan
Tommy Shaw And Others	1	rock	metal	Tommy Shaw And Others
Tom Mcrae & The Standing Band	1	indie	folk	Tom Mcrae & The Standing Band
Tom De Neef & Laidback Luke	1	House	electronic	Tom De Neef & Laidback Luke
Tim Mcgraw	1	country	Tim McGraw	Tim Mcgraw
Tim De Luxe	1	House	dance	Tim De Luxe
Till West & Eddie Thoneick Vs Alexandra Prince	1	DIsco House	vocal house	Till West & Eddie Thoneick Vs Alexandra Prince
Thème	1	Soundtrack	theme songs	Thème
Three Days Grace	1	alternative rock	rock	Three Days Grace
Thomas Rhett	1	country	male vocalists	Thomas Rhett
Therapy	1	seen live	alternative rock	Therapy
Theme Song	1	Soundtrack	theme songs	Theme Song
Theme	1	drone ambient	Space Ambient	Theme
The Weakerthans	1	seen live	indie	The Weakerthans
The Walk	1	indie	under 2000 listeners	The Walk
The Vamps & Matoma	1	the vamps	matoma	The Vamps & Matoma
The Undertones	1	punk	punk rock	The Undertones
The Trammps	1	Disco	funk	The Trammps
The Tornadoes	1	surf rock	Surf	The Tornadoes
The Thumpers	1	punk	punk rock	The Thumpers
The Temper Trap	1	indie	indie rock	The Temper Trap
The Swiss	1	Disco	nu disco	The Swiss
The Supermen Lovers	1	House	electronic	The Supermen Lovers
The Superman Lover	1	House	electronic	The Superman Lover
The Subs	1	electro	seen live	The Subs
The Stranglers	1	new wave	post-punk	The Stranglers
The Statler Brothers	1	country	oldies	The Statler Brothers
The Spinners	1	soul	motown	The Spinners
The Special Goodness	1	rock	indie	The Special Goodness
The Smashing Pumpkins	1	alternative rock	rock	The Smashing Pumpkins
The Sisters Of Mercy	1	Gothic Rock	post-punk	The Sisters Of Mercy
The Sabres Of Paradise	1	electronic	chillout	The Sabres Of Paradise
The Rumjacks	1	celtic punk	punk	The Rumjacks
The Robins	1	doo wop	Rock and Roll	The Robins
The Revels	1	Surf	surf rock	The Revels
The Relentless	1	hardcore	seen live	The Relentless
The Real Thing	1	soul	Disco	The Real Thing
The Rasmus	1	rock	alternative rock	The Rasmus
The Presidents Of The United States Of America	1	rock	alternative	The Presidents Of The United States Of America
The Pogues	1	irish	folk	The Pogues
The Phat Riderz	1	breakbeat	raaahhh	The Phat Riderz
The Merrymen	1	calypso	barbados	The Merrymen
The Matches	1	seen live	punk	The Matches
The Marketts	1	Surf	surf rock	The Marketts
The Mamas & The Papas	1	classic rock	60s	The Mamas & The Papas
The Lively Ones	1	Surf	surf rock	The Lively Ones
The Korgis	1	new wave	pop	The Korgis
The Killers	1	indie	rock	The Killers
The Joykiller	1	punk	punk rock	The Joykiller
The Humpers	1	punk	punk rock	The Humpers
The Fugees	1	Hip-Hop	rap	The Fugees
The Farm	1	madchester	indie	The Farm
The Eternal	1	doom metal	Gothic Metal	The Eternal
The Distillers	1	punk	punk rock	The Distillers
The Darkness	1	rock	hard rock	The Darkness
The Cramps	1	psychobilly	rockabilly	The Cramps
The Coors	1	pop	irish	The Coors
The Chainsmokers	1	electronic	pop	The Chainsmokers
The Centurians	1	surf rock	Surf	The Centurians
The Cars	1	new wave	80s	The Cars
The Cardigans	1	pop	rock	The Cardigans
The Box Tops	1	60s	classic rock	The Box Tops
The Bosshoss	1	country	seen live	The Bosshoss
The Beloved	1	electronic	synthpop	The Beloved
The Beatsteaks	1	seen live	rock	The Beatsteaks
The Autobots & Deep Impact	1	breaks	breakbeat	The Autobots & Deep Impact
The All-American Rejects	1	rock	alternative	The All-American Rejects
The Algorithm	1	experimental	electronic	The Algorithm
Thaehan	1	electronic	chill	Thaehan
Terrorgruppe	1	punk	deutschpunk	Terrorgruppe
Technasia & Green Velvet	1	China		Technasia & Green Velvet
Tchaikovsky	1	Classical	romantic	Tchaikovsky
Tavares	1	Disco	soul	Tavares
Taize	1	christian	taize	Taize
Tactikollectif	1	french	political	Tactikollectif
T Rex	1	glam rock	classic rock	T Rex
System Of A Down & Deftones	1	metal	alternative	System Of A Down & Deftones
System Of A Down 	1	metal	alternative metal	System Of A Down 
Sylvester Levay	1	Soundtrack	composer	Sylvester Levay
Sweet	1	glam rock	classic rock	Sweet
Swanndust	1	rock		Swanndust
Surismo	1	electronic	electro	Surismo
Sunday Bloody Sunday	1	noise	japanese	Sunday Bloody Sunday
Stu Phillips	1	Soundtrack	electronic	Stu Phillips
Stone Sour 	1	hard rock	metal	Stone Sour 
Steve Miller Band	1	classic rock	rock	Steve Miller Band
Steve Aoki & Louis Tomlinson	1	EDM	pop	Steve Aoki & Louis Tomlinson
Steve Angello & Laidback Luke	1	House	electronic	Steve Angello & Laidback Luke
Steve Angello	1	House	Progressive House	Steve Angello
Stereophonics	1	rock	britpop	Stereophonics
Stephen Pearcy And Others	1	heavy metal	xmas	Stephen Pearcy And Others
Starley	1	australian	dance	Starley
Stardust	1	House	electronic	Stardust
Spin Doctors	1	rock	alternative rock	Spin Doctors
Spandau Ballet	1	80s	new wave	Spandau Ballet
Sound Fx	1	sound effects	Hip-Hop	Sound Fx
Sonia Y Selena	1	latin	pop	Sonia Y Selena
Sonia	1	pop	female vocalists	Sonia
Sonata Artica	1	Power metal	metal	Sonata Artica
Sonata Arctica	1	Power metal	metal	Sonata Arctica
Sol Aka Rhyming Sol	1	hip hop	electro	Sol Aka Rhyming Sol
Social Distortion 	1	punk	punk rock	Social Distortion 
Social Distortion	1	punk	punk rock	Social Distortion
Snow Patrol	1	indie	alternative	Snow Patrol
Snow	1	reggae	Hip-Hop	Snow
Sniper	1	RAC	rap	Sniper
Sliimy	1	french	pop	Sliimy
Skreatch Vs Joe Smooth	1	Belgian-american		Skreatch Vs Joe Smooth
Skream	1	dubstep	electronic	Skream
Skindred	1	reggae metal	metal	Skindred
Skavare	1	ska	ska punk	Skavare
Sirens	1	electronic	Progressive metal	Sirens
Siouxsie And The Banshees	1	post-punk	new wave	Siouxsie And The Banshees
Simple Minds	1	new wave	80s	Simple Minds
Simon And Garfunkel	1	folk	classic rock	Simon And Garfunkel
Silver	1	seen live	rock	Silver
Silmarils	1	french	Fusion	Silmarils
Sigur Rss	1	post-rock	ambient	Sigur Rss
Sidney Bechet	1	jazz	swing	Sidney Bechet
Siamese Twins	1	shoegaze	post-punk	Siamese Twins
Shouse	1	House	electronic	Shouse
Sheryl Crow 	1	female vocalists	rock	Sheryl Crow 
Sheppard	1	indie	australian	Sheppard
Shanana	1	Rock and Roll	Soundtrack	Shanana
Shalamar	1	Disco	soul	Shalamar
Sex Pistols	1	punk	punk rock	Sex Pistols
Serge Perathoner	1	Soundtrack		Serge Perathoner
September	1	dance	pop	September
Selena Gomez	1	pop	female vocalists	Selena Gomez
Sdp	1	german	hip hop	Sdp
Scubba	1	Bossa Nova	lounge	Scubba
Scott Benson Band	1	United States		Scott Benson Band
Scatter The Ashes	1	emo	post-hardcore	Scatter The Ashes
Saxon	1	heavy metal	NWOBHM	Saxon
Satronica & Unexist	1	hardcore	Gabber	Satronica & Unexist
Satelite	1	Progressive	under 2000 listeners	Satelite
Sam Hunt	1	country	pop	Sam Hunt
Salt-N-Pepa	1	Hip-Hop	rap	Salt-N-Pepa
Saliva	1	hard rock	rock	Saliva
Sage The Gemini	1	Hip-Hop	rap	Sage The Gemini
Sage Francis	1	Hip-Hop	underground hip-hop	Sage Francis
Ryuichi Sakamoto	1	japanese	ambient	Ryuichi Sakamoto
Russkaja	1	seen live	ska	Russkaja
Running Wild	1	heavy metal	Power metal	Running Wild
Runnind Wild	1	heavy metal	Power metal	Runnind Wild
Run Dmc Aerosmith	1	Hip-Hop	rap	Run Dmc Aerosmith
Run Dmc	1	Hip-Hop	rap	Run Dmc
Rudenko	1	House	electronic	Rudenko
Roxette	1	pop	80s	Roxette
Rooster	1	rock	british	Rooster
Ronnie James Dio And Others	1	heavy metal	doom metal	Ronnie James Dio And Others
Rolling Stones	1	classic rock	rock	Rolling Stones
Roger Sanchez	1	House	electronic	Roger Sanchez
Rodolfo Y Su Tipica	1	cumbia	World Music	Rodolfo Y Su Tipica
Robin Thicke	1	soul	rnb	Robin Thicke
Robin Schulz & David Guetta	1	David Guetta	Robin Schulz	Robin Schulz & David Guetta
Robin S	1	House	dance	Robin S
Rob D	1	electronic	trip-hop	Rob D
Rina Sawayama	1	pop	rnb	Rina Sawayama
Rihanna & Kayne West & Paul Mccartney	1	pop	acoustic	Rihanna & Kayne West & Paul Mccartney
Righteous Brothers	1	oldies	60s	Righteous Brothers
Ride The Lightning	1	thrash metal		Ride The Lightning
Ridan	1	french	chanson francaise	Ridan
Ricky Nelson	1	rockabilly	oldies	Ricky Nelson
Richie Hawtin	1	minimal	techno	Richie Hawtin
Richard Grey	1	House	electronic	Richard Grey
Rhythm Trip	1	rapcore	crossover	Rhythm Trip
Reprise Manu Chao	1	reggae	latin	Reprise Manu Chao
Regina Spector	1	female vocalists	indie	Regina Spector
Reel Big Fish	1	ska	ska punk	Reel Big Fish
Red Aunts	1	punk	riot grrrl	Red Aunts
Ray Lamontagne	1	folk	singer-songwriter	Ray Lamontagne
Rammstein & Clawfinger	1	industrial metal	metal	Rammstein & Clawfinger
Ram Jam	1	classic rock	rock	Ram Jam
Ralph Mctell	1	folk	singer-songwriter	Ralph Mctell
Ralph Mcdonald	1	jazz	funk	Ralph Mcdonald
Rainbow	1	hard rock	classic rock	Rainbow
Raffa Fl	1	deep house	House	Raffa Fl
Raelynn	1	country	the voice	Raelynn
Quincy Jones	1	jazz	soul	Quincy Jones
Quentin Tarantino	1	Soundtrack	tarantino	Quentin Tarantino
Q Lazzarus	1	new wave	synthpop	Q Lazzarus
Punk-Ska Covers	1	ska	cover	Punk-Ska Covers
Propellerheads	1	electronic	big beat	Propellerheads
Prohom	1	rock francais	french	Prohom
Pro Pain	1	hardcore	thrash metal	Pro Pain
Primus	1	funk metal	alternative	Primus
Primary	1	australian	japanese	Primary
Primal Fear	1	Power metal	heavy metal	Primal Fear
Powerman 5000	1	industrial metal	metal	Powerman 5000
Poison Idea	1	hardcore punk	hardcore	Poison Idea
Play For Today	1	pop punk		Play For Today
Plastiscines	1	french	indie	Plastiscines
Pixies	1	alternative	indie	Pixies
Pitbull & Ne-Yo	1	Hip-Hop	rap	Pitbull & Ne-Yo
Pitbull	1	Hip-Hop	rap	Pitbull
Pink	1	pop	female vocalists	Pink
Pil	1	post-punk	new wave	Pil
Pigalle	1	chanson francaise	french	Pigalle
Pictures Of You	1	pop	indie	Pictures Of You
Pharrell	1	Hip-Hop	rnb	Pharrell
Petit Biscuit	1	electronic	french	Petit Biscuit
Peter Yorn	1	singer-songwriter	rock	Peter Yorn
Peter Lorne	1	Soundtrack	80s	Peter Lorne
Peter Andre	1	pop	male vocalists	Peter Andre
Pepe Deluxe	1	electronic	trip-hop	Pepe Deluxe
Pep S	1	french	chanson francaise	Pep S
Pennywsie	1	punk	punk rock	Pennywsie
Peaches	1	Electroclash	electronic	Peaches
Paul Mccartney	1	classic rock	rock	Paul Mccartney
Paul Koulak	1	Soundtrack	instrumental	Paul Koulak
Patrick Doyle	1	Soundtrack	instrumental	Patrick Doyle
Patoranking	1	Hip-Hop	reggae	Patoranking
Parodie	1	parodie	comedy	Parodie
Paramore	1	rock	pop punk	Paramore
Para One & Tacteel	1	electronic	minimal	Para One & Tacteel
Papa Roach	1	rock	Nu Metal	Papa Roach
Paolo Nutini	1	singer-songwriter	indie	Paolo Nutini
Pantera	1	thrash metal	metal	Pantera
Panique Au Mangin Palace	1	podcast		Panique Au Mangin Palace
Pakito	1	dance	House	Pakito
Painbastard	1	dark electro	ebm	Painbastard
P Lion	1	Italo Disco	80s	P Lion
Ozzy Osbourne	1	heavy metal	hard rock	Ozzy Osbourne
Ozzy Osborne & Black Sabbath	1	heavy metal	hard rock	Ozzy Osborne & Black Sabbath
Out Of Office	1	House	club house	Out Of Office
Our Last Night	1	post-hardcore	screamo	Our Last Night
Ophelie Winter	1	french	pop	Ophelie Winter
Oni Logan And Others	1	heavy metal	xmas	Oni Logan And Others
Onerepublic	1	rock	pop rock	Onerepublic
One Shot	1	Progressive rock	Hip-Hop	One Shot
One Direction	1	pop	british	One Direction
Omarion	1	rnb	Hip-Hop	Omarion
Olivier Miller	1	french	french pop	Olivier Miller
Olivia Ruiz	1	french	chanson francaise	Olivia Ruiz
Oceana	1	post-hardcore	metalcore	Oceana
Ocean Drive Feat Dj Oriska	1	electronic house	House	Ocean Drive Feat Dj Oriska
O-Zone	1	dance	pop	O-Zone
Nyxx	1	pop	synthpop	Nyxx
Ntm-Cut Killer	1	Hip-Hop	turntablism	Ntm-Cut Killer
Nt89	1	techno	electronic	Nt89
Noir Desir	1	french	rock	Noir Desir
Noel Gallagher	1	britpop	rock	Noel Gallagher
Noam Kaniel	1	Soundtrack	electronic	Noam Kaniel
No Turning Back	1	hardcore	seen live	No Turning Back
No Fun At All	1	punk rock	punk	No Fun At All
Ninho	1	Hip-Hop	french	Ninho
Nine Inch Nails & David Bowie	1	industrial	industrial rock	Nine Inch Nails & David Bowie
Nina Hagen	1	punk	post-punk	Nina Hagen
Niki Belucci	1	House	electronic	Niki Belucci
Nightcrawlers	1	House	dance	Nightcrawlers
Nigel Kennedy	1	Classical	violin	Nigel Kennedy
Nicolas Peyrac	1	chanson francaise	french	Nicolas Peyrac
Nicky Jam	1	Reggaeton	mierda	Nicky Jam
Nickelback	1	rock	alternative rock	Nickelback
Nick Curly	1	deep house	tech house	Nick Curly
Nick Carr	1	Soundtrack	Disco	Nick Carr
Never Enough	1	hardcore	industrial	Never Enough
Nerf Herder	1	punk	punk rock	Nerf Herder
Neoton Familia	1	Disco	hungarian	Neoton Familia
Nekromantix	1	psychobilly	rockabilly	Nekromantix
Nea	1	pop	swedish	Nea
Natalia La Rose	1	pop	rnb	Natalia La Rose
Naps	1	ambient	electronic	Naps
N Trance	1	dance	trance	N Trance
Mylo	1	electronic	House	Mylo
Musical Youth	1	reggae	80s	Musical Youth
Mr Probs	1	Hip-Hop	dutch	Mr Probs
Mr  Scruff	1	electronic	ninja tune	Mr  Scruff
Mr  Bungle	1	experimental	Avant-Garde	Mr  Bungle
Mozart Opéra Rock	1	french	rock opera	Mozart Opéra Rock
Motörhead	1	heavy metal	hard rock	Motörhead
Motorhead	1	heavy metal	hard rock	Motorhead
Motley Crue	1	hard rock	heavy metal	Motley Crue
Morton Stevens	1	Soundtrack	lounge	Morton Stevens
Morning Runner	1	indie	indie rock	Morning Runner
Montserrat Caballé And Friends	1	pop	rock	Montserrat Caballé And Friends
Money	1	seen live	heavy pop	Money
Moloko	1	electronic	trip-hop	Moloko
Modjo	1	House	dance	Modjo
Modern English	1	new wave	post-punk	Modern English
Moby - Mylene Farmer	1	duo	chillout	Moby - Mylene Farmer
Mobb Deep	1	Hip-Hop	rap	Mobb Deep
Mixa	1	Hip-Hop	pop	Mixa
Milow	1	singer-songwriter	seen live	Milow
Milky Chance	1	indie	seen live	Milky Chance
Mike Post & Pete Carpenter	1	Soundtrack	instrumental	Mike Post & Pete Carpenter
Mike Olfield	1	Progressive rock	new age	Mike Olfield
Mike Candys	1	House	electro house	Mike Candys
Migos	1	Hip-Hop	trap	Migos
Mighty Dub Katz	1	House	electronic	Mighty Dub Katz
Midnight Star	1	funk	soul	Midnight Star
Midnight Oil	1	rock	australian	Midnight Oil
Mick Harvey	1	singer-songwriter	rock	Mick Harvey
Miami Yacine	1	rap	Hip-Hop	Miami Yacine
Metallica & Megadeth	1	heavy metal	metallica	Metallica & Megadeth
Melbourne Ska Orchestra	1	ska	seen live	Melbourne Ska Orchestra
Melanie Safka	1	folk	singer-songwriter	Melanie Safka
Mel Torme	1	jazz	swing	Mel Torme
Mehdi Kerkouche	1	french	musical	Mehdi Kerkouche
Meghan Trainor	1	pop	female vocalists	Meghan Trainor
Megalomaniac	1	thrash metal	speed metal	Megalomaniac
Megadeth & Metallica	1	thrash metal	metal	Megadeth & Metallica
Megadeath	1	thrash metal	heavy metal	Megadeath
Me First And The Gimme Gimmes	1	punk	punk rock	Me First And The Gimme Gimmes
Max Giesinger	1	pop	german	Max Giesinger
Marwa Loud	1	Hip-Hop	french pop	Marwa Loud
Marty Robbins	1	country	classic country	Marty Robbins
Martin Jensen	1	House	dance	Martin Jensen
Martin Garrix & Dua Lipa	1	EDM	electronic	Martin Garrix & Dua Lipa
Martin Garrix & Bebe Rexha	1	netherlands	bebe rexha	Martin Garrix & Bebe Rexha
Mark Forster	1	german	singer-songwriter	Mark Forster
Mark Brown Feat  Sarah Cracknell	1	House	female vocalists	Mark Brown Feat  Sarah Cracknell
Maria Mckee	1	female vocalists	country	Maria Mckee
Manowar	1	heavy metal	Power metal	Manowar
Malia J	1	electronic	female vocalists	Malia J
Malcolm Mclaren	1	alternative	Soundtrack	Malcolm Mclaren
Mahmut Orhan	1	turkish	turkey	Mahmut Orhan
Magic System Feat Khaled	1	african	french	Magic System Feat Khaled
Madcon	1	Hip-Hop	rnb	Madcon
M83	1	electronic	shoegaze	M83
Lullaby	1	black metal	doom metal	Lullaby
Luke Christopher	1	Hip-Hop	pop	Luke Christopher
Luke Bryan	1	country	new country	Luke Bryan
Luis Fonsi	1	pop	latin	Luis Fonsi
Lucy Pearl	1	soul	rnb	Lucy Pearl
Lp	1	indie	rock	Lp
Lowkey & Kardinal	1	electronic	electro	Lowkey & Kardinal
Lovesong	1	The Cure	piano	Lovesong
Lovely Ones	1	Surf	surf rock	Lovely Ones
Louis Prima	1	swing	jazz	Louis Prima
Los Del Rio	1	pop	dance	Los Del Rio
Lorca	1	spanish	pop	Lorca
Looking Up	1	hardcore	skacore	Looking Up
London Music Works	1	Soundtrack	Classical	London Music Works
Lizzo Music	1	Lizzo		Lizzo Music
Little Big Town	1	country	modern country	Little Big Town
Lionel Hampton	1	jazz	swing	Lionel Hampton
Linkin Park	1	rock	Nu Metal	Linkin Park
Link Wray And His Ray Men	1	rockabilly	surf rock	Link Wray And His Ray Men
Lindsey Stirling	1	violin	instrumental	Lindsey Stirling
Lina Margy	1	french	Chanson Française	Lina Margy
Liberty X	1	pop	british	Liberty X
Les Sheriff	1	punk	french	Les Sheriff
Les Petits Pilous Remixed By The Bloody Beetroots	1	electro	electronic	Les Petits Pilous Remixed By The Bloody Beetroots
Les Enfoirés	1	chanson francaise	french	Les Enfoirés
Les Connard	1	Gay Metal	folklore intellectuel	Les Connard
Les Brown	1	jazz	swing	Les Brown
Les Avions	1	80s	new wave	Les Avions
Leo Moracchioli	1	metal	norwegian	Leo Moracchioli
Lemmy Kilmister And Others	1	heavy metal	rock'n'roll	Lemmy Kilmister And Others
Lee Brice	1	country	singer-songwriter	Lee Brice
Le Festival Robles	1	humour	french	Le Festival Robles
Laurent Garnier	1	techno	electronic	Laurent Garnier
Last Caress	1	punk rock	pop punk	Last Caress
Las Ketchup	1	pop	spanish	Las Ketchup
Lartiste	1	french	rap	Lartiste
Lalo Shiffrin	1	jazz	Soundtrack	Lalo Shiffrin
La Grande Sophie	1	french	chanson francaise	La Grande Sophie
Krafwerk	1	electronic	synthpop	Krafwerk
Kool And The Gang	1	funk	soul	Kool And The Gang
Kittie Featuring System Of A Down	1	rapcore	Nu Metal	Kittie Featuring System Of A Down
Kinks	1	classic rock	60s	Kinks
Kinito	1	punk rock	french	Kinito
King Kuduro	1	Kuduro	french	King Kuduro
Kid Cudi Vs Crookers	1	electro	electronic	Kid Cudi Vs Crookers
Keren Ann & Vincent Delerm	1	memories of paris	-artist	Keren Ann & Vincent Delerm
Ken Le Survivant	1	violence	parental advisory	Ken Le Survivant
Kelly Clarkson	1	pop	female vocalists	Kelly Clarkson
Kelis	1	rnb	Hip-Hop	Kelis
Keep Cool	1	soul	rnb	Keep Cool
Keen V	1	french	pop	Keen V
Kd Lang	1	female vocalists	singer-songwriter	Kd Lang
Kc Rebell	1	rap	Deutschrap	Kc Rebell
Kayashi	1	trance		Kayashi
Katie Melua	1	jazz	female vocalists	Katie Melua
Kate Bush-	1	female vocalists	singer-songwriter	Kate Bush-
Kate Bush	1	female vocalists	singer-songwriter	Kate Bush
Kardinal	1	ebm	industrial	Kardinal
Kanye West	1	Hip-Hop	rap	Kanye West
Kamaleon	1	kamaleonDavid		Kamaleon
Kaleo	1	rock	icelandic	Kaleo
Kajagoogoo	1	80s	new wave	Kajagoogoo
K C  And The Sunshine Band	1	Disco	funk	K C  And The Sunshine Band
Justin Timberlake	1	pop	rnb	Justin Timberlake
Justin Nozuka	1	acoustic	singer-songwriter	Justin Nozuka
Junior Jack	1	House	electronic	Junior Jack
José Gonzalez	1	acoustic	singer-songwriter	José Gonzalez
Jose De Rico & Henry Mendez	1	pop	spain	Jose De Rico & Henry Mendez
Jon Bellion	1	electronic	Hip-Hop	Jon Bellion
Johnny Logan	1	pop	Eurovision	Johnny Logan
Johnny Haliday	1	french	chanson francaise	Johnny Haliday
John Paul Young	1	pop	Disco	John Paul Young
John Newman	1	pop	soul	John Newman
John Lennon	1	classic rock	rock	John Lennon
Johann Sebastian Bach	1	Classical	baroque	Johann Sebastian Bach
Joeystarr	1	rap francais	Hip-Hop	Joeystarr
Joey Ramone	1	punk	punk rock	Joey Ramone
Joey Biggs	1	pop		Joey Biggs
Joe Lynn Turner And Others	1	heavy metal	classic rock	Joe Lynn Turner And Others
Jody Wisternoff	1	Progressive House	House	Jody Wisternoff
Jocelyne Labylle & Cheela	1	french	calypso	Jocelyne Labylle & Cheela
Joan Baez	1	folk	singer-songwriter	Joan Baez
Jo Stafford	1	jazz	female vocalists	Jo Stafford
Jin Sonic	1	electro	House	Jin Sonic
Jimmy Somerville	1	80s	pop	Jimmy Somerville
Jimmy Nail	1	pop	rock	Jimmy Nail
Jimi Hendrix	1	classic rock	rock	Jimi Hendrix
Jim Jamison	1	melodic rock	AOR	Jim Jamison
Jim Henson	1	Muppets	Awesome	Jim Henson
Jerry Goldsmith	1	Soundtrack	instrumental	Jerry Goldsmith
Jeremih	1	rnb	Hip-Hop	Jeremih
Jennifer Lopez Pitbull	1	pop	latin	Jennifer Lopez Pitbull
Jeff Scott Soto And Others	1	heavy metal	metal	Jeff Scott Soto And Others
Jean-Sébastien Bach	1	Classical	baroque	Jean-Sébastien Bach
Jean-Louis Murat	1	french	chanson francaise	Jean-Louis Murat
Jean Michel	1	electronic	ambient	Jean Michel
Jaydee	1	House	techno	Jaydee
Jay-Z Feat  Alicia Keys	1	Hip-Hop	soul	Jay-Z Feat  Alicia Keys
Jay-Z	1	Hip-Hop	rap	Jay-Z
Javi Mula	1	House	club	Javi Mula
Jason Mraz	1	singer-songwriter	acoustic	Jason Mraz
Jason Aldean	1	country	modern country	Jason Aldean
James Newton Howard 	1	Soundtrack	instrumental	James Newton Howard 
James Newton Howaerd	1	Soundtrack	instrumental	James Newton Howaerd
James Morrison Feat Nelly Furtado	1	singer-songwriter	british	James Morrison Feat Nelly Furtado
James Morrison	1	singer-songwriter	british	James Morrison
James Horner	1	Soundtrack	instrumental	James Horner
James Blunt	1	pop	singer-songwriter	James Blunt
James Arthur	1	pop	british	James Arthur
Jake Owen	1	country	modern country	Jake Owen
Jacques Higelin	1	chanson francaise	french	Jacques Higelin
Jaco Pastorius	1	jazz	bass	Jaco Pastorius
Jackson Browne	1	singer-songwriter	classic rock	Jackson Browne
Jabberwocky	1	seen live	electronic	Jabberwocky
J Cole	1	Hip-Hop	rap	J Cole
Isolation	1	depressive black metal	black metal	Isolation
Interpol	1	indie	indie rock	Interpol
Inspector Gadget	1	80s	Soundtrack	Inspector Gadget
Incubation	1	Soundtrack	hip hop	Incubation
In Between Days	1	seen live		In Between Days
Imagine Dragons	1	indie	indie rock	Imagine Dragons
Ikara Colt	1	indie rock	seen live	Ikara Colt
Iggy Azalea	1	Hip-Hop	rap	Iggy Azalea
Ian Oliver Feat  Shantel	1	electronic	dance	Ian Oliver Feat  Shantel
I Love Makonnen	1	Hip-Hop	Lo-Fi	I Love Makonnen
Hozier	1	blues	indie	Hozier
Houcine	1	Soundtrack	Disney	Houcine
Hot Hot Hot	1	indie	indie rock	Hot Hot Hot
Hot Chocolate	1	Disco	funk	Hot Chocolate
Horrorpops	1	psychobilly	rockabilly	Horrorpops
Hootie And The Blowfish	1	rock	alternative	Hootie And The Blowfish
Hollywood Undead	1	rapcore	rap	Hollywood Undead
Henri Mancini	1	Soundtrack	jazz	Henri Mancini
Heilung	1	neofolk	folk	Heilung
Heart And Soul	1	Gothic Rock	pop	Heart And Soul
Harmonie Bayonnaise	1	All		Harmonie Bayonnaise
Hardtek	1	tekno	Hardtek	Hardtek
Hanging Garden	1	doom metal	Death Doom Metal	Hanging Garden
Hailee Steinfeld & Grey	1	epic	love at first listen	Hailee Steinfeld & Grey
H-Kayne & Fnaire	1	fusion marroqui		H-Kayne & Fnaire
Génération 80	1	80s		Génération 80
Guy Smiley	1	punk	seen live	Guy Smiley
Guns And Roses	1	hard rock	rock	Guns And Roses
Guillaume Cantillon Feat Doriand	1	french	chanson	Guillaume Cantillon Feat Doriand
Grigoire	1	french	pop	Grigoire
Gregory Porter	1	jazz	soul	Gregory Porter
Greenday	1	punk rock	rock	Greenday
Green Velvet & Harvard Bass	1	techno		Green Velvet & Harvard Bass
Graveworm	1	black metal	melodic black metal	Graveworm
Grandmaster Flash & The Furious Five	1	Hip-Hop	old school	Grandmaster Flash & The Furious Five
Grace	1	trance	dance	Grace
Gotye Feat  Kimbra	1	indie	electronic	Gotye Feat  Kimbra
Gothminister	1	industrial metal	industrial	Gothminister
Gnarls Barkley	1	funk	soul	Gnarls Barkley
Glenn Miller	1	jazz	swing	Glenn Miller
Giorgio Moroder	1	Disco	electronic	Giorgio Moroder
Gilbert O Sullivan	1	pop	70s	Gilbert O Sullivan
Gesaffelstein	1	techno	electronic	Gesaffelstein
Gerry Rafferty	1	classic rock	soft rock	Gerry Rafferty
George Thorogood & The Destroyers	1	blues rock	classic rock	George Thorogood & The Destroyers
George Ezra	1	indie	folk	George Ezra
Georg Friedrich Haendel	1	Classical	baroque	Georg Friedrich Haendel
Geoff Tate And Others	1	heavy metal	xmas	Geoff Tate And Others
Gentleman Jack Grisham	1	punk	punk rock	Gentleman Jack Grisham
Gazo	1	french	Hip-Hop	Gazo
Gayle	1	pop	female vocalists	Gayle
Gamma Ray	1	Power metal	heavy metal	Gamma Ray
Galaxy Rangers	1	80s	tv	Galaxy Rangers
G-Eazy	1	Hip-Hop	rap	G-Eazy
From First To Last	1	post-hardcore	screamo	From First To Last
Fredrick The Great	1	Classical	baroque	Fredrick The Great
Freak Out	1	krautrock	Psychedelic Rock	Freak Out
Franz Schubert	1	Classical	romantic	Franz Schubert
Franz Ferdinand	1	indie	indie rock	Franz Ferdinand
Franco Micalizzi	1	Soundtrack	italian	Franco Micalizzi
Four Tops	1	soul	motown	Four Tops
Foster The People	1	indie	indie pop	Foster The People
Fonky Family	1	Hip-Hop	rap	Fonky Family
Flying Lotus	1	electronic	experimental	Flying Lotus
Florida Georgia Line	1	country	country rock	Florida Georgia Line
Flogging Molly	1	seen live	irish	Flogging Molly
Flo Rida	1	Hip-Hop	rap	Flo Rida
Fky	1	Hardtek	tekno	Fky
Fitz And The Tantrums	1	soul	pop	Fitz And The Tantrums
Fischerspooner	1	electronic	Electroclash	Fischerspooner
Fetty Wap	1	Hip-Hop	rap	Fetty Wap
Fergie	1	pop	rnb	Fergie
Feadz	1	electro	electronic	Feadz
Fatboy Slim & Beasty Boys	1	Hip-Hop	rap	Fatboy Slim & Beasty Boys
Fall Out Boys	1	pop punk	rock	Fall Out Boys
F Minus	1	punk	hardcore punk	F Minus
F F F	1	breakcore	Raggacore	F F F
Eyedea And Abilities	1	Hip-Hop	underground hip-hop	Eyedea And Abilities
Eve	1	Hip-Hop	rap	Eve
Eurythmics	1	80s	new wave	Eurythmics
Etienne Daho	1	french	pop	Etienne Daho
Etheral	1	black metal	metal	Etheral
Eric Serra	1	Soundtrack	electronic	Eric Serra
Eric Church	1	country	modern country	Eric Church
Eric Charden	1	french	chanson francaise	Eric Charden
Eric Carter	1	electronic	pop	Eric Carter
Erasure	1	80s	synthpop	Erasure
Enrique Iglesias Feat Tyssem	1	pop	latin	Enrique Iglesias Feat Tyssem
Enrique Iglesias	1	pop	latin	Enrique Iglesias
Eminem	1	rap	Hip-Hop	Eminem
Emerson  Lake & Palmer	1	Progressive rock	classic rock	Emerson  Lake & Palmer
Emeli Sande	1	soul	british	Emeli Sande
Ellie Goulding	1	female vocalists	electronic	Ellie Goulding
Ella Henderson	1	pop	soul	Ella Henderson
Elfie	1	good	france	Elfie
Electron	1	spacesynth	electronic	Electron
El Profesor	1	Italy	Gabber	El Profesor
El Chombo	1	Brutal Death Metal	Reggaeton	El Chombo
Eiffel	1	french	rock	Eiffel
Edith Whiskers	1	indie	UK	Edith Whiskers
Eddie Vedder	1	singer-songwriter	Grunge	Eddie Vedder
Eczodia	1	french	rawstyle	Eczodia
Echo & The Bunnymen	1	post-punk	new wave	Echo & The Bunnymen
Dyonisos	1	rock	french	Dyonisos
Dxpe	1	spanish	industrial	Dxpe
Dusty Springfield	1	soul	female vocalists	Dusty Springfield
Duran Duran	1	new wave	80s	Duran Duran
Duke Ellington	1	jazz	swing	Duke Ellington
Dug Pinnick And Others	1	classic rock	pop	Dug Pinnick And Others
Drowning Pool	1	Nu Metal	metal	Drowning Pool
Dropkick Murphys The Business	1	punk	punk rock	Dropkick Murphys The Business
Dropkick Murhpys	1	punk	punk rock	Dropkick Murhpys
Droogz Brigade	1	underground hip-hop	rap	Droogz Brigade
Dream Theater	1	Progressive metal	Progressive rock	Dream Theater
Drake Milligan	1	country	modern country	Drake Milligan
Dr  Dre	1	Hip-Hop	rap	Dr  Dre
Downset	1	hardcore	rapcore	Downset
Dorothée	1	french	pop	Dorothée
Dope	1	industrial metal	Nu Metal	Dope
Doors	1	classic rock	Psychedelic Rock	Doors
Donovan	1	folk	singer-songwriter	Donovan
Dominique Poulain	1	Soundtrack	80s	Dominique Poulain
Dj Mutiny	1	breaks	breakbeat	Dj Mutiny
Dj Mehdi	1	electro	electronic	Dj Mehdi
Division	1	Power metal	Progressive metal	Division
Disiz La Peste	1	rap	rap francais	Disiz La Peste
Discodeine	1	electronic	electro	Discodeine
Dio	1	heavy metal	hard rock	Dio
Dino Lenny	1	House	dance	Dino Lenny
Dim Chris	1	electro	House	Dim Chris
Dierks Bentley	1	country	modern country	Dierks Bentley
Die Krupps	1	industrial	industrial metal	Die Krupps
Die Antwoord	1	Hip-Hop	rap	Die Antwoord
Dick Dale And His Del-Tones	1	surf rock	Surf	Dick Dale And His Del-Tones
Dick Dale	1	surf rock	Surf	Dick Dale
Diam S	1	french	rap	Diam S
Dg	1	trance	downtempo	Dg
Dfl	1	hardcore punk	punk	Dfl
Destiny S Child	1	rnb	pop	Destiny S Child
Dessin Anime	1	french	francais	Dessin Anime
Desmond Dekker	1	ska	reggae	Desmond Dekker
Desaparecidos Vs Walter Master J	1	House	eletronic	Desaparecidos Vs Walter Master J
Des Ree	1	soul	pop	Des Ree
Denis Cheissoux	1	france inter	radio france	Denis Cheissoux
Dej Loaf	1	Hip-Hop	rap	Dej Loaf
Deepdown	1	Nu Metal	alternative rock	Deepdown
Deep Dish	1	House	electronic	Deep Dish
Deee-Lite	1	dance	pop	Deee-Lite
Dead Kennedys	1	punk	punk rock	Dead Kennedys
David Vendetta	1	House	dance	David Vendetta
David Rose	1	instrumental	jazz	David Rose
David Kitay	1	Soundtrack	instrumental	David Kitay
David Halliday	1	heavy metal	french	David Halliday
David Bowie And Philip Glass	1	minimalism	Classical	David Bowie And Philip Glass
David Bowie & Pet Shop Boys	1	electronic	pop	David Bowie & Pet Shop Boys
David Bowie & Nine Inch Nails	1	industrial	alternative	David Bowie & Nine Inch Nails
Darius Rucker	1	country	new country	Darius Rucker
Daniel Powter	1	pop	singer-songwriter	Daniel Powter
Daft Punk & Todd Edwards	1	electronic	House	Daft Punk & Todd Edwards
Daft Punk & Panda Bear	1	electronic	House	Daft Punk & Panda Bear
Daft Punk & Julian Casablancas	1	france		Daft Punk & Julian Casablancas
Daft Punk & Dj Falcon	1	electronic	House	Daft Punk & Dj Falcon
Dadju	1	french	Hip-Hop	Dadju
Curtis Mayfield	1	soul	funk	Curtis Mayfield
Csol	1	punk	punk rock	Csol
Crowded House	1	rock	pop	Crowded House
Crash Test Dummies	1	rock	alternative	Crash Test Dummies
Craig David	1	rnb	pop	Craig David
Counting Crows	1	rock	alternative	Counting Crows
Corey Taylor 	1	rock	alternative rock	Corey Taylor 
Collectif Metisse	1	pop		Collectif Metisse
Close To Me	1	emo	screamo	Close To Me
Clean Bandit	1	electronic	indie	Clean Bandit
Claudio Capéo	1	french	pop	Claudio Capéo
Claude Lombard	1	french	Soundtrack	Claude Lombard
Clarika	1	french	chanson francaise	Clarika
Claptone	1	House	deep house	Claptone
Chuck Billy And Others	1	thrash metal	death metal	Chuck Billy And Others
Chromeo	1	electronic	funk	Chromeo
Christina Aguilera	1	pop	female vocalists	Christina Aguilera
Christian Yéyé	1	zouk	french	Christian Yéyé
Christian Ice	1	death metal	metal	Christian Ice
Chris Young	1	country	modern country	Chris Young
Chris Isaak	1	rock	singer-songwriter	Chris Isaak
Chris Cornell	1	rock	Grunge	Chris Cornell
Chris Brown & Tyga	1	Hip-Hop	rap	Chris Brown & Tyga
Chidinma	1	world	african	Chidinma
Cher With Beavis And Butthead	1	pop	60s	Cher With Beavis And Butthead
Chemical Brothers	1	electronic	dance	Chemical Brothers
Charlie Winston	1	singer-songwriter	folk	Charlie Winston
Charles Aznavour	1	french	chanson francaise	Charles Aznavour
Chaka Khan	1	soul	funk	Chaka Khan
Celeda	1	House	dance	Celeda
Cat Stevens	1	folk	singer-songwriter	Cat Stevens
Cassius	1	House	electronic	Cassius
Carrie Underwood	1	country	female vocalists	Carrie Underwood
Caroline Loeb	1	french	pop	Caroline Loeb
Carl Kennedy	1	House	dance	Carl Kennedy
Carl Douglas	1	Disco	funk	Carl Douglas
Calum Scott	1	pop	british	Calum Scott
Cali	1	french	chanson francaise	Cali
By My Side	1	hardcore	metalcore	By My Side
Bucks Fizz	1	80s	pop	Bucks Fizz
Bruce Channel	1	oldies	60s	Bruce Channel
Brothers Johnson	1	funk	soul	Brothers Johnson
Brooke Fraser	1	pop	singer-songwriter	Brooke Fraser
Bronski Beat	1	new wave	80s	Bronski Beat
Brodinski & Tony Senghore	1	electronic	techno	Brodinski & Tony Senghore
Brodinski	1	seen live	electro	Brodinski
Brice Conrad	1	french	pop	Brice Conrad
Brett Eldredge	1	country	seen live	Brett Eldredge
Breakbot	1	electronic	french	Breakbot
Brass Against	1	seen live	Pisscore	Brass Against
Brad Fiedel	1	Soundtrack	instrumental	Brad Fiedel
Bouncing Souls	1	punk	punk rock	Bouncing Souls
Booty Luv	1	House	dance	Booty Luv
Boots Randolph	1	jazz	saxophone	Boots Randolph
Bonnie Tyler	1	80s	pop	Bonnie Tyler
Bombalurina	1	british	dance	Bombalurina
Bobmo	1	electro	french	Bobmo
Bobby Brown	1	rnb	80s	Bobby Brown
Bob Sinclair	1	House	dance	Bob Sinclair
Bob Acri	1	jazz	piano	Bob Acri
Blind Guardian	1	Power metal	speed metal	Blind Guardian
Blake Shelton	1	country	modern country	Blake Shelton
Black Stone Cherry	1	hard rock	Southern Rock	Black Stone Cherry
Black Ingvars	1	heavy metal	metal	Black Ingvars
Bjork	1	electronic	alternative	Bjork
Bing Crosby	1	jazz	swing	Bing Crosby
Billy Ray Cyrus	1	country	90s	Billy Ray Cyrus
Billy Crawford	1	pop	dance	Billy Crawford
Billie Eilish	1	pop	indie pop	Billie Eilish
Billboard	1	Black Wallstreet	Hip-Hop	Billboard
Bill Conti	1	Soundtrack	composer	Bill Conti
Bill Baxter	1	pop	france	Bill Baxter
Big Mountian	1	reggae	80s	Big Mountian
Big Ali	1	Hip-Hop	dance	Big Ali
Bibie	1	french	france	Bibie
Beyonce And Jay-Z	1	rnb	pop	Beyonce And Jay-Z
Beyonce	1	rnb	pop	Beyonce
Beverley Knight	1	soul	rnb	Beverley Knight
Beth	1	pop	spanish	Beth
Benny Goodman	1	jazz	swing	Benny Goodman
Ben Howard	1	folk	acoustic	Ben Howard
Bebe Rexha	1	pop	female vocalists	Bebe Rexha
Beatus	1	rock	Grunge	Beatus
Beasty Boys	1	Hip-Hop	rap	Beasty Boys
Beastie Boys & Cypress Hill	1	Hip-Hop	rap	Beastie Boys & Cypress Hill
Bauhaus	1	post-punk	Gothic Rock	Bauhaus
Bastian Baker	1	switzerland	swiss	Bastian Baker
Baloo	1	electronic	ambient	Baloo
Bakermat	1	House	deep house	Bakermat
Bad Wolves	1	groove metal	alternative metal	Bad Wolves
Babybird	1	indie	britpop	Babybird
B O B	1	Hip-Hop	rap	B O B
Axwell & Sebastian Ingrosso Vs Salem Al Fakir	1	House	electronic	Axwell & Sebastian Ingrosso Vs Salem Al Fakir
Atreyu	1	metalcore	hardcore	Atreyu
Armand Van Helden	1	House	electronic	Armand Van Helden
Ark Sano	1	piano	instrumental	Ark Sano
Archie Bronson Outfit	1	seen live	Garage Rock	Archie Bronson Outfit
App	1	rap	Hip-Hop	App
Apocalyptica	1	symphonic metal	instrumental	Apocalyptica
Anthony Cruz	1	reggae	salsa	Anthony Cruz
Annie Lennox	1	female vocalists	pop	Annie Lennox
Ann Hampton Callaway	1	jazz	jazz vocal	Ann Hampton Callaway
Angus And Julia Stone	1	folk	indie	Angus And Julia Stone
Angra	1	Power metal	Progressive metal	Angra
Angelo Badalamenti	1	Soundtrack	ambient	Angelo Badalamenti
Andy Gibb	1	Disco	pop	Andy Gibb
Andrew Gold	1	70s	pop	Andrew Gold
Andrew Bird	1	indie	singer-songwriter	Andrew Bird
Andreas Gabalier	1	Austria	volksmusik	Andreas Gabalier
Andrea Doria Vs Lxr	1	trance	electronic	Andrea Doria Vs Lxr
Amy Macdonald	1	female vocalists	singer-songwriter	Amy Macdonald
Althea & Donna	1	reggae	roots reggae	Althea & Donna
Alphaville	1	80s	new wave	Alphaville
Alma	1	pop	seen live	Alma
Alle Farben	1	electronic	minimal	Alle Farben
All-4-One	1	rnb	pop	All-4-One
All Cats Are Grey	1	experimental	new wave	All Cats Are Grey
Alizée	1	french	pop	Alizée
Alister	1	french	rock	Alister
Alison Moyet	1	female vocalists	pop	Alison Moyet
Alice Cooper And Others	1	heavy metal	hard rock	Alice Cooper And Others
Alic Ein Chains	1	Grunge	rock	Alic Ein Chains
Alghazanth	1	black metal	Symphonic Black Metal	Alghazanth
Alf Clausen	1	Soundtrack	american	Alf Clausen
Alex Olmedo	1	cover		Alex Olmedo
Alesso	1	House	electronic	Alesso
Albinoni	1	Classical	baroque	Albinoni
Alannah Myles	1	rock	female vocalists	Alannah Myles
Alanis Morisette	1	female vocalists	rock	Alanis Morisette
Alan Parsons	1	Progressive rock	rock	Alan Parsons
Al Green	1	soul	funk	Al Green
Akon	1	Hip-Hop	rnb	Akon
Akala	1	Grime	Hip-Hop	Akala
Ajr	1	seen live	indie pop	Ajr
Agnes	1	pop	dance	Agnes
Afterworld	1	Power metal	heavy metal	Afterworld
Adam K & Soha	1	Progressive House	Progressive	Adam K & Soha
Accept	1	heavy metal	hard rock	Accept
A Cause Des Garcons	1	chanson francaise		A Cause Des Garcons
4 Non Blondes	1	rock	female vocalists	4 Non Blondes
257Ers	1	rap	Deutschrap	257Ers
20	1	ebm	Acid	20
1992	1	mysterious	mistagged artist	1992
1988	1	illbient	seen live	1988
1985 01 The Head On The Door	1	post-punk	The Cure	1985 01 The Head On The Door
16 The Cure	1	post-punk	new wave	16 The Cure
115 The Cure	1	post-punk	new wave	115 The Cure
113	1	Hip-Hop	rap	113
10 Arctic Monkeys	1	indie rock	indie	10 Arctic Monkeys
03 The Cure	1	post-punk	new wave	03 The Cure
03 Arctic Monkeys	1	indie rock	indie	03 Arctic Monkeys
- Seether	1	rock	alternative rock	- Seether
- Metallica	1	thrash metal	metal	- Metallica
- Hot Chocolate	1	Disco	funk	- Hot Chocolate
 Vanessa Paradis	1	french	female vocalists	 Vanessa Paradis
 Va	1	electronic	indie	 Va
